d,Method,random_seed,epsilonX,epsilonEI,i,EI,y,y*,R,t (s),m (MB)
2,gradBO,0,1e-05,nan,1,0.21595179092181577,-1.4774496630775338,-1.9101873427908376,0.0,0.35324399897945113,nan
2,gradBO,0,1e-05,nan,2,0.08971989438298002,1.9999411898211628,-1.9101873427908376,3.4773908528986963,0.11058885999955237,nan
2,gradBO,0,1e-05,nan,3,0.009176346981120286,2.1922706059506134,-1.9101873427908376,7.147111121926843,0.2304702669789549,nan
2,gradBO,0,1e-05,nan,4,0.15831936687082587,-1.4143311832709977,-1.9101873427908376,7.210229601733378,0.13526725699193776,nan
2,gradBO,0,1e-05,nan,5,0.05509216268628601,-1.116465490333268,-1.9101873427908376,7.571213774477643,0.11258137799450196,nan
2,gradBO,0,1e-05,nan,6,0.06781724746550342,1.2368703557825271,-1.9101873427908376,10.285533793337704,0.15268037898931652,nan
2,gradBO,0,1e-05,nan,7,0.3985449655036682,-1.8519358581598215,-1.9101873427908376,12.532450963831431,0.1318318999838084,nan
2,gradBO,0,1e-05,nan,8,0.1068857969450542,0.9963613255773642,-1.9101873427908376,15.380748147568617,0.16371767199598253,nan
2,gradBO,0,1e-05,nan,9,0.01761583632718342,1.4549905246689856,-1.9101873427908376,18.687674530397427,0.1281732130155433,nan
2,gradBO,0,1e-05,nan,10,0.008660810993659604,-1.3731779104450168,-1.9101873427908376,19.166432478112227,0.2319083629990928,nan
2,gradBO,1,1e-05,nan,1,0.07865026684888804,1.5318371074631916,-1.9101873427908376,0.0,1.2634072859946173,nan
2,gradBO,1,1e-05,nan,2,0.05528519835510427,0.6293013003410164,-1.9101873427908376,0.9025358071221756,0.20600499797728844,nan
2,gradBO,1,1e-05,nan,3,0.03099138633506687,0.9774052235542814,-1.9101873427908376,1.2506397303354397,0.07573343001422472,nan
2,gradBO,1,1e-05,nan,4,0.025903896216311503,2.1087721015674665,-1.9101873427908376,2.7301105315618894,0.10692135800491087,nan
2,gradBO,1,1e-05,nan,5,0.029157043414555214,1.5890807145011165,-1.9101873427908376,3.6898899457219905,0.144951360009145,nan
2,gradBO,1,1e-05,nan,6,0.04871553050699455,1.365668970438546,-1.9101873427908376,4.4262576158195195,0.12664311699336395,nan
2,gradBO,1,1e-05,nan,7,0.04542775531786574,0.9409362366461516,-1.9101873427908376,4.737892552124656,0.21632235602010041,nan
2,gradBO,1,1e-05,nan,8,0.17952681306191595,0.22639565629890002,-1.9101873427908376,7.558232060419471,0.18316059798235074,nan
2,gradBO,1,1e-05,nan,9,0.32731915754818247,-0.5078899639210452,-1.9101873427908376,13.432517022179034,0.2051422549993731,nan
2,gradBO,1,1e-05,nan,10,0.6561712543187053,-1.5677640122452159,-1.9101873427908376,22.97138345709657,0.18132900400087237,nan
2,gradBO,2,1e-05,nan,1,0.010338497336602512,1.3210539618155148,-1.9101873427908376,0.0,0.9904029089957476,nan
2,gradBO,2,1e-05,nan,2,0.02630499595470412,0.8761353412536734,-1.9101873427908376,0.4449186205618414,0.10507536798832007,nan
2,gradBO,2,1e-05,nan,3,0.08434648468345705,0.695223605014718,-1.9101873427908376,0.8067420930397518,0.1583863889973145,nan
2,gradBO,2,1e-05,nan,4,0.08834649100723815,0.7205193638396212,-1.9101873427908376,0.832037851864655,0.07342222100123763,nan
2,gradBO,2,1e-05,nan,5,0.2559355917384606,0.2744474766543994,-1.9101873427908376,2.5151423653059304,0.11179075899417512,nan
2,gradBO,2,1e-05,nan,6,0.1501904419195961,0.07727502579244683,-1.9101873427908376,3.501004619615692,0.201669600995956,nan
2,gradBO,2,1e-05,nan,7,0.2292165467328023,-1.2833827338621977,-1.9101873427908376,11.66495117754356,0.1184877299820073,nan
2,gradBO,2,1e-05,nan,8,0.2752623852390366,-0.7510063520326495,-1.9101873427908376,12.197327559373107,0.09342483099317178,nan
2,gradBO,2,1e-05,nan,9,0.04224443096343945,-0.26339749006107693,-1.9101873427908376,13.217312803174227,0.06666257799952291,nan
2,gradBO,2,1e-05,nan,10,0.7384370098524674,-1.8630300684413323,-1.9101873427908376,18.43413881438644,0.0488001850026194,nan
2,gradBO,3,1e-05,nan,1,0.09952385554381284,1.2145790185703365,-1.9101873427908376,0.0,0.297276833007345,nan
2,gradBO,3,1e-05,nan,2,0.0698713194528518,0.5610174044051852,-1.9101873427908376,0.6535616141651515,0.031001622002804652,nan
2,gradBO,3,1e-05,nan,3,0.050676614740692225,1.999958482506373,-1.9101873427908376,2.09250269226634,0.07033621199661866,nan
2,gradBO,3,1e-05,nan,4,0.03366085638305483,0.2984638278025993,-1.9101873427908376,2.880163422074098,0.0871835230209399,nan
2,gradBO,3,1e-05,nan,5,0.142265809783438,-0.06862285989018169,-1.9101873427908376,4.348510172845222,0.8679593419947196,nan
2,gradBO,3,1e-05,nan,6,0.11201938045615757,1.0597207003034246,-1.9101873427908376,5.47685373303883,0.2095214790024329,nan
2,gradBO,3,1e-05,nan,7,0.14975383893974986,0.03558418843307143,-1.9101873427908376,5.581060781362082,0.39541722400463186,nan
2,gradBO,3,1e-05,nan,8,0.059124785220214214,-0.040615222871610346,-1.9101873427908376,5.609068418380652,0.441646466992097,nan
2,gradBO,3,1e-05,nan,9,0.11927747308819521,0.9665144353102271,-1.9101873427908376,6.644205713581062,0.20455356399179436,nan
2,gradBO,3,1e-05,nan,10,0.21039094922499912,-0.9159166947024819,-1.9101873427908376,14.269850226891764,0.16990783900837414,nan
2,gradBO,4,1e-05,nan,1,0.009736567838409508,2.001805986110751,-1.9101873427908376,0.0,0.3431807240121998,nan
2,gradBO,4,1e-05,nan,2,0.010637708248336928,1.702459895208937,-1.9101873427908376,0.29934609090181397,0.12169905699556693,nan
2,gradBO,4,1e-05,nan,3,0.015619894399310707,1.7291186304734278,-1.9101873427908376,0.32600482616630444,0.14591395398019813,nan
2,gradBO,4,1e-05,nan,4,0.03266763349802522,-0.8382360209328361,-1.9101873427908376,7.948092574591625,0.06651323297410272,nan
2,gradBO,4,1e-05,nan,5,0.17976143842359968,-1.3606379687609507,-1.9101873427908376,10.037700365904083,0.1084040520072449,nan
2,gradBO,4,1e-05,nan,6,0.10152688911091952,-1.3267363555679665,-1.9101873427908376,10.071601979097068,0.10310608099098317,nan
2,gradBO,4,1e-05,nan,7,0.08446911687857535,-1.3388246543008235,-1.9101873427908376,10.093415293557195,0.06756004699855112,nan
2,gradBO,4,1e-05,nan,8,0.03863416202968758,-1.8405795439065593,-1.9101873427908376,13.453006319576456,0.05098457101848908,nan
2,gradBO,4,1e-05,nan,9,0.3165929330661397,-1.5521843089309542,-1.9101873427908376,13.741401554552063,0.1269167390128132,nan
2,gradBO,4,1e-05,nan,10,0.03104101804292826,0.9963613255773642,-1.9101873427908376,16.578342424035988,0.09039035500609316,nan
2,gradBO,5,1e-05,nan,1,0.17661620650351567,0.09922602748359366,-1.9101873427908376,0.0,1.186915113008581,nan
2,gradBO,5,1e-05,nan,2,0.12119014414639812,-1.306352828240093,-1.9101873427908376,1.4055788557236863,0.1651474770042114,nan
2,gradBO,5,1e-05,nan,3,0.19101613267443251,-1.1879630080439694,-1.9101873427908376,1.52396867591981,0.08734958298737183,nan
2,gradBO,5,1e-05,nan,4,0.12025420428076279,-1.6237754318962914,-1.9101873427908376,2.4762364868884053,0.15741346398135647,nan
2,gradBO,5,1e-05,nan,5,0.21987068106071667,-1.8899895054332285,-1.9101873427908376,3.541092781036154,0.09311086701927707,nan
2,gradBO,5,1e-05,nan,6,0.11253232713016176,2.1922706059506134,-1.9101873427908376,7.623352892419995,0.22920324798906222,nan
2,gradBO,5,1e-05,nan,7,0.17953821336428805,1.9999411898211628,-1.9101873427908376,11.513283587674385,0.12128724798094481,nan
2,gradBO,5,1e-05,nan,8,0.11825221923060972,1.2393769404986053,-1.9101873427908376,14.64265003360622,0.14415663399267942,nan
2,gradBO,5,1e-05,nan,9,0.06780336148930896,1.5603710754653901,-1.9101873427908376,18.093010614504838,0.15603465397725813,nan
2,gradBO,5,1e-05,nan,10,0.016271291665889576,2.067678824963771,-1.9101873427908376,22.05067894490184,0.11193013400770724,nan
2,gradBO,6,1e-05,nan,1,0.03631577897643582,-0.8557057116621745,-1.9101873427908376,0.0,0.4256502609932795,nan
2,gradBO,6,1e-05,nan,2,0.10787607339479333,-1.0204743824519702,-1.9101873427908376,0.16476867078979573,0.49939684398123063,nan
2,gradBO,6,1e-05,nan,3,0.5000621076883264,-1.381987957123954,-1.9101873427908376,0.8877958201337632,0.1743881049915217,nan
2,gradBO,6,1e-05,nan,4,0.12257285045382833,-0.5296090721515547,-1.9101873427908376,1.7401747051061625,0.14217043097596616,nan
2,gradBO,6,1e-05,nan,5,0.1140476265951113,2.1922706059506134,-1.9101873427908376,5.31443326818073,0.07034300101804547,nan
2,gradBO,6,1e-05,nan,6,0.0435634254130679,0.9963613255773642,-1.9101873427908376,7.692782550882048,0.09167207501013763,nan
2,gradBO,6,1e-05,nan,7,0.035560138162466365,-1.4210032353236701,-1.9101873427908376,7.926874220080345,0.1722024490009062,nan
2,gradBO,6,1e-05,nan,8,0.015789425460349026,1.9999411898211628,-1.9101873427908376,11.347818645225178,0.13678782098577358,nan
2,gradBO,6,1e-05,nan,9,9.742472454701772e-06,-0.3888787345931095,-1.9101873427908376,12.379943145955739,0.12347844199393876,nan
2,gradBO,6,1e-05,nan,10,0.0003689453875583274,1.8277752413522463,-1.9101873427908376,15.628721622631655,0.11199347299407236,nan
2,gradBO,7,1e-05,nan,1,0.012701297233685703,1.998337467241682,-1.9101873427908376,0.0,1.130935342021985,nan
2,gradBO,7,1e-05,nan,2,0.015000277927714181,1.779953746052992,-1.9101873427908376,0.21838372118869032,0.3616553419851698,nan
2,gradBO,7,1e-05,nan,3,0.022883610926290758,1.4632947322452812,-1.9101873427908376,0.8517017488041123,0.1858302540204022,nan
2,gradBO,7,1e-05,nan,4,0.08546336743596267,0.26360644096964814,-1.9101873427908376,4.450766622631011,0.12143092098995112,nan
2,gradBO,7,1e-05,nan,5,0.5589975936797695,0.01815060748125319,-1.9101873427908376,5.432589956584591,0.12275605401373468,nan
2,gradBO,7,1e-05,nan,6,0.09468306046534156,-0.39197575829905285,-1.9101873427908376,7.483221785486121,0.047456022002734244,nan
2,gradBO,7,1e-05,nan,7,0.01995434053641367,0.953980812558461,-1.9101873427908376,8.829178356343633,0.04794139799196273,nan
2,gradBO,7,1e-05,nan,8,0.008355720840727856,-1.3815406254428835,-1.9101873427908376,15.756132426350447,0.13811542000621557,nan
2,gradBO,7,1e-05,nan,9,0.10074428359221417,-0.7457545985897993,-1.9101873427908376,16.391918453203534,0.15210217799176462,nan
2,gradBO,7,1e-05,nan,10,0.05289876629784322,-1.4137909256552494,-1.9101873427908376,16.68217115511483,0.1658822320168838,nan
2,gradBO,8,1e-05,nan,1,0.11569084182514597,0.07933954657022158,-1.9101873427908376,0.0,0.7008191689965315,nan
2,gradBO,8,1e-05,nan,2,0.1309795986459753,0.5973651303855723,-1.9101873427908376,0.5180255838153505,0.07110034499783069,nan
2,gradBO,8,1e-05,nan,3,0.0704674156973135,-0.42422797289527603,-1.9101873427908376,1.5251606227463457,0.16702813701704144,nan
2,gradBO,8,1e-05,nan,4,0.029611822111369205,-1.2458725818173106,-1.9101873427908376,3.9900944495124495,0.11574374299379997,nan
2,gradBO,8,1e-05,nan,5,0.13044660655428778,-0.24038341692981868,-1.9101873427908376,4.995583614399942,0.2776553599978797,nan
2,gradBO,8,1e-05,nan,6,0.19409178144095915,-1.4023296302160064,-1.9101873427908376,5.777868856393421,0.3558876499882899,nan
2,gradBO,8,1e-05,nan,7,0.12846418719316413,-1.8723655160365213,-1.9101873427908376,8.59808417131651,0.5745229230087716,nan
2,gradBO,8,1e-05,nan,8,0.09694512190607858,-1.6728377343831973,-1.9101873427908376,8.797611952969834,0.1944404949899763,nan
2,gradBO,8,1e-05,nan,9,0.058080720343404744,-1.8487833183736684,-1.9101873427908376,8.821194150632687,0.16283883899450302,nan
2,gradBO,8,1e-05,nan,10,0.07798315696114246,2.1144145881835277,-1.9101873427908376,12.807974254852734,0.11165668201283552,nan
2,gradBO,9,1e-05,nan,1,0.11295042517986298,0.7439825669654727,-1.9101873427908376,0.0,1.5232315650209785,nan
2,gradBO,9,1e-05,nan,2,0.12415136639372101,2.0957628467252323,-1.9101873427908376,1.3517802797597591,0.16293710301397368,nan
2,gradBO,9,1e-05,nan,3,0.018430036721264104,1.7882019839600551,-1.9101873427908376,2.395999696754341,0.16434276499785483,nan
2,gradBO,9,1e-05,nan,4,0.09066949614116535,-0.19064300742287665,-1.9101873427908376,5.199876419919388,0.16117179300636053,nan
2,gradBO,9,1e-05,nan,5,0.38374159145770104,-1.6289621879741523,-1.9101873427908376,10.95315314212449,0.0962162519863341,nan
2,gradBO,9,1e-05,nan,6,0.7649432007104795,0.953980812558461,-1.9101873427908376,13.536096142657104,0.01773947902256623,nan
2,gradBO,9,1e-05,nan,7,0.07829907027072626,-1.4168418120093245,-1.9101873427908376,13.74821651862193,0.1481832220160868,nan
2,gradBO,9,1e-05,nan,8,0.07495670060032364,-1.3631252255311428,-1.9101873427908376,14.014053481064941,0.13499572000000626,nan
2,gradBO,9,1e-05,nan,9,0.15139824092448037,-1.221231795499885,-1.9101873427908376,14.421783873539209,0.08625076300813816,nan
2,gradBO,9,1e-05,nan,10,0.01700470731702911,-1.8703547750557719,-1.9101873427908376,16.594317157273785,0.09470660801162012,nan
2,gridBO,0,0.001,nan,1,0.21595179078096438,-1.7066413154694584,-1.9101873427908376,0.0,0.2501841800112743,nan
2,gridBO,0,0.001,nan,2,1.0101770666174144,0.953980812558461,-1.9101873427908376,2.6606221280279194,0.03640308100148104,nan
2,gridBO,0,0.001,nan,3,0.10177108110781198,2.0019949361349414,-1.9101873427908376,6.36925837963232,0.041329942003358155,nan
2,gridBO,0,0.001,nan,4,0.16775082874378022,-1.3881643610436152,-1.9101873427908376,6.6877353340581625,0.037530536006670445,nan
2,gridBO,0,0.001,nan,5,0.08131162651161075,-0.9225496876933943,-1.9101873427908376,7.471826961834226,0.040963189996546134,nan
2,gridBO,0,0.001,nan,6,0.13814815418060533,-1.8748662262520024,-1.9101873427908376,8.312951515746946,0.04060074299923144,nan
2,gridBO,0,0.001,nan,7,0.1655721058017535,2.1922706059506134,-1.9101873427908376,12.380088347949561,0.043088260979857296,nan
2,gridBO,0,0.001,nan,8,0.10989646163435578,0.9963613255773642,-1.9101873427908376,15.251315899778927,0.05305047900765203,nan
2,gridBO,0,0.001,nan,9,0.03455663424369858,1.944741774598275,-1.9101873427908376,19.070923900629204,0.04830992201459594,nan
2,gridBO,0,0.001,nan,10,0.008920283481674082,-1.907265983952072,-1.9101873427908376,19.36252171992983,0.04963654599850997,nan
2,gridBO,1,0.001,nan,1,0.07865026648413544,1.5379737020655386,-1.9101873427908376,0.0,0.25088482798309997,nan
2,gridBO,1,0.001,nan,2,0.05541898337701947,0.5072376107657028,-1.9101873427908376,1.0307360912998353,0.03677460900507867,nan
2,gridBO,1,0.001,nan,3,0.31022160654739345,-0.18746129833339742,-1.9101873427908376,2.420133909498036,0.04129089499474503,nan
2,gridBO,1,0.001,nan,4,1.712343026784952,-1.720064002128601,-1.9101873427908376,7.0179420208836465,0.048009437014115974,nan
2,gridBO,1,0.001,nan,5,0.14427747399730095,-1.8273601531252686,-1.9101873427908376,7.447126624870316,0.041235040000174195,nan
2,gridBO,1,0.001,nan,6,0.06091568080180365,1.755349587606575,-1.9101873427908376,11.029836365602158,0.04029648000141606,nan
2,gridBO,1,0.001,nan,7,0.03396355899166199,1.7437707354050151,-1.9101873427908376,14.600967254132442,0.04390423899167217,nan
2,gridBO,1,0.001,nan,8,0.028905992479304046,-1.9074640967889023,-1.9101873427908376,15.161694859777878,0.04804129301919602,nan
2,gridBO,1,0.001,nan,9,0.019872267593259982,1.9999411898211628,-1.9101873427908376,19.069100146387942,0.04823607698199339,nan
2,gridBO,1,0.001,nan,10,0.009688339810913967,0.9963613255773642,-1.9101873427908376,21.97292556875421,0.050132925010984764,nan
2,gridBO,2,0.001,nan,1,0.0103384973281917,0.3666153167364343,-1.9101873427908376,0.0,0.2504420659970492,nan
2,gridBO,2,0.001,nan,2,0.03676857792006493,0.4169692634337314,-1.9101873427908376,0.05035394669729687,0.03636248700786382,nan
2,gridBO,2,0.001,nan,3,0.02333259395430974,2.119022462886723,-1.9101873427908376,1.8027610928475841,0.04125128602026962,nan
2,gridBO,2,0.001,nan,4,0.11564175913566821,-0.288797092526075,-1.9101873427908376,3.768998320635113,0.037820263009052724,nan
2,gridBO,2,0.001,nan,5,0.1375703421041404,-0.7344935618454334,-1.9101873427908376,5.551784197912547,0.041440550005063415,nan
2,gridBO,2,0.001,nan,6,0.19460171038542962,-1.7629639534386783,-1.9101873427908376,10.694136155878773,0.040825349977239966,nan
2,gridBO,2,0.001,nan,7,0.7507766442602464,-1.4119510919944136,-1.9101873427908376,11.045149017323038,0.043770885007688776,nan
2,gridBO,2,0.001,nan,8,0.0851550546542343,-1.9095466792026081,-1.9101873427908376,12.071228097670545,0.0487708360014949,nan
2,gridBO,2,0.001,nan,9,0.07923924522588152,-0.28730535876975605,-1.9101873427908376,13.693469418103398,0.04815065997536294,nan
2,gridBO,2,0.001,nan,10,0.05457410448125923,1.9999411898211628,-1.9101873427908376,17.60295728712717,0.049709125014487654,nan
2,gridBO,3,0.001,nan,1,0.09952385553461252,1.2910666114452742,-1.9101873427908376,0.0,0.24813338700914755,nan
2,gridBO,3,0.001,nan,2,0.06829240568702331,0.26168798803394755,-1.9101873427908376,1.0293786234113265,0.03625284499139525,nan
2,gridBO,3,0.001,nan,3,0.1638271791553889,0.027452258903069682,-1.9101873427908376,1.4978500816730822,0.04093730900785886,nan
2,gridBO,3,0.001,nan,4,0.12187675654610763,0.3288675915073416,-1.9101873427908376,1.7992654142773548,0.03791733999969438,nan
2,gridBO,3,0.001,nan,5,0.07371274543146265,0.953980812558461,-1.9101873427908376,2.7257939679327468,0.04141146800247952,nan
2,gridBO,3,0.001,nan,6,0.045727692383290185,0.35231814668780004,-1.9101873427908376,3.050659855717477,0.039822829014156014,nan
2,gridBO,3,0.001,nan,7,0.052994642700416046,-1.3879801505724534,-1.9101873427908376,11.543254312570618,0.04261473301448859,nan
2,gridBO,3,0.001,nan,8,0.14964873202981857,-1.571926414861744,-1.9101873427908376,12.830878162595651,0.04723534101503901,nan
2,gridBO,3,0.001,nan,9,0.12435722200554084,-1.8936233336536628,-1.9101873427908376,15.404453512931001,0.04837318099453114,nan
2,gridBO,3,0.001,nan,10,0.06630628413375463,-0.937106879688336,-1.9101873427908376,16.360969966896327,0.049504620023071766,nan
2,gridBO,4,0.001,nan,1,0.00973656781934543,2.0018008971138594,-1.9101873427908376,0.0,0.25016006699297577,nan
2,gridBO,4,0.001,nan,2,0.010638650244194492,1.5799799370837886,-1.9101873427908376,0.42182096003007086,0.036269987002015114,nan
2,gridBO,4,0.001,nan,3,0.020823730674319363,1.6528920448875783,-1.9101873427908376,0.4947330678338595,0.04070152298663743,nan
2,gridBO,4,0.001,nan,4,0.03477222044912464,1.6644894854315226,-1.9101873427908376,0.5792426161815936,0.03781672299373895,nan
2,gridBO,4,0.001,nan,5,0.04154067010217562,1.082543064752834,-1.9101873427908376,2.56899010550541,0.04192411500844173,nan
2,gridBO,4,0.001,nan,6,0.08514200938248583,0.9691332689647472,-1.9101873427908376,3.1360390844458443,0.042034803016576916,nan
2,gridBO,4,0.001,nan,7,0.035517363276956246,0.43279291238645445,-1.9101873427908376,6.3540812239156,0.04455045098438859,nan
2,gridBO,4,0.001,nan,8,1.0346517762432987,-0.7206552338344725,-1.9101873427908376,14.428218247462087,0.048182146972976625,nan
2,gridBO,4,0.001,nan,9,0.0372137821414308,0.42875365101900087,-1.9101873427908376,15.57762713231556,0.04879981200792827,nan
2,gridBO,4,0.001,nan,10,0.31953967054886573,-0.6923964931913202,-1.9101873427908376,15.605885872958712,0.05053725201287307,nan
2,gridBO,5,0.001,nan,1,0.1766162065483115,0.09685159365265772,-1.9101873427908376,0.0,0.2519242560083512,nan
2,gridBO,5,0.001,nan,2,0.12115569614993653,-1.7937646619526277,-1.9101873427908376,1.8906162556052855,0.036310586001491174,nan
2,gridBO,5,0.001,nan,3,0.19093075554293285,-1.4139053112718676,-1.9101873427908376,2.2704756062860456,0.041104331001406536,nan
2,gridBO,5,0.001,nan,4,0.08574815387440828,0.5782281745080369,-1.9101873427908376,4.6424684427467104,0.03873994600144215,nan
2,gridBO,5,0.001,nan,5,0.03821615915390427,1.7395939984310886,-1.9101873427908376,8.175827103130427,0.04200725900591351,nan
2,gridBO,5,0.001,nan,6,0.07031485709436512,-1.905254676854161,-1.9101873427908376,8.733277177638092,0.040831659018294886,nan
2,gridBO,5,0.001,nan,7,0.0913855119380563,1.3464856279513298,-1.9101873427908376,11.985017482443583,0.04368910001358017,nan
2,gridBO,5,0.001,nan,8,0.05681153336194933,1.9999411898211628,-1.9101873427908376,15.890213349118905,0.04758537301677279,nan
2,gridBO,5,0.001,nan,9,0.0381786285268406,1.9772175336603304,-1.9101873427908376,19.772685559633395,0.04873102100100368,nan
2,gridBO,5,0.001,nan,10,0.019491443499621276,2.1922706059506134,-1.9101873427908376,23.870210842438173,0.049541324988240376,nan
2,gridBO,6,0.001,nan,1,0.03631577878086353,-0.8927859043504949,-1.9101873427908376,0.0,0.25721807198715396,nan
2,gridBO,6,0.001,nan,2,0.10995093987401215,-1.0341810146148989,-1.9101873427908376,0.141395110264404,0.03629224299220368,nan
2,gridBO,6,0.001,nan,3,0.25672589020544595,-1.7736668004543947,-1.9101873427908376,1.6203666819433957,0.040885398018872365,nan
2,gridBO,6,0.001,nan,4,0.16121182375717813,0.9086669400755487,-1.9101873427908376,4.30270042247334,0.03788608399918303,nan
2,gridBO,6,0.001,nan,5,0.19117114399615687,-1.7001652417455646,-1.9101873427908376,4.37620198118217,0.04142496699932963,nan
2,gridBO,6,0.001,nan,6,0.09631737632311355,2.123714855467062,-1.9101873427908376,8.273583637103627,0.04022805401473306,nan
2,gridBO,6,0.001,nan,7,0.08442889621387765,1.9999411898211628,-1.9101873427908376,12.047191627379183,0.04474685600143857,nan
2,gridBO,6,0.001,nan,8,0.07400263563136567,-1.9082526943421811,-1.9101873427908376,12.989292884593688,0.047416458022780716,nan
2,gridBO,6,0.001,nan,9,0.07342728664874754,0.9963613255773642,-1.9101873427908376,15.893906904513234,0.04771135401097126,nan
2,gridBO,6,0.001,nan,10,0.013865436840553993,2.1922706059506134,-1.9101873427908376,19.994430204806026,0.04960234701866284,nan
2,gridBO,7,0.001,nan,1,0.012701297230731238,1.9995628748325525,-1.9101873427908376,0.0,0.250733313994715,nan
2,gridBO,7,0.001,nan,2,0.014612678558488421,1.707604594652875,-1.9101873427908376,0.29195828017967784,0.036351865011965856,nan
2,gridBO,7,0.001,nan,3,0.019295671540718592,1.5658463055461067,-1.9101873427908376,0.5754748583932141,0.04138686100486666,nan
2,gridBO,7,0.001,nan,4,0.12902846476965243,1.3147522048002136,-1.9101873427908376,1.328757160630893,0.03799962700577453,nan
2,gridBO,7,0.001,nan,5,0.07629632045889254,0.17103083890381243,-1.9101873427908376,5.903642624216497,0.04842936299974099,nan
2,gridBO,7,0.001,nan,6,0.9415925265091122,0.7587857136661658,-1.9101873427908376,6.4913974989788485,0.04032119698240422,nan
2,gridBO,7,0.001,nan,7,0.18307281932534225,0.41562742007350795,-1.9101873427908376,6.735994080148542,0.04385220797848888,nan
2,gridBO,7,0.001,nan,8,0.20964369503590594,-0.9126760900030777,-1.9101873427908376,14.321942582496774,0.047703618998639286,nan
2,gridBO,7,0.001,nan,9,0.3510503338776793,-0.3859757310725058,-1.9101873427908376,14.848642941427347,0.04819609801052138,nan
2,gridBO,7,0.001,nan,10,0.07246930604538157,-0.8852677611697541,-1.9101873427908376,14.876051270260671,0.04970382800092921,nan
2,gridBO,8,0.001,nan,1,0.11569084127952155,-0.26285816730295064,-1.9101873427908376,0.0,0.23716199499904178,nan
2,gridBO,8,0.001,nan,2,0.016745576457850405,1.9999411898211628,-1.9101873427908376,2.2627993571241136,0.03617631900124252,nan
2,gridBO,8,0.001,nan,3,0.15167601146742957,-0.06792531434792037,-1.9101873427908376,2.4577322100791434,0.04114478698465973,nan
2,gridBO,8,0.001,nan,4,0.027949260370815174,0.8972698007808437,-1.9101873427908376,3.617860178162937,0.0377924170170445,nan
2,gridBO,8,0.001,nan,5,0.10140898021985521,-0.7463872985547493,-1.9101873427908376,5.551976703170132,0.04159101101686247,nan
2,gridBO,8,0.001,nan,6,0.04305300876280204,-1.4021422174232399,-1.9101873427908376,8.830751297512585,0.04038005098118447,nan
2,gridBO,8,0.001,nan,7,0.05311371956249256,1.9633053447125943,-1.9101873427908376,12.196198859648419,0.04314898099983111,nan
2,gridBO,8,0.001,nan,8,0.139038978095511,-0.49359294320643654,-1.9101873427908376,13.104748133865222,0.04734580099466257,nan
2,gridBO,8,0.001,nan,9,0.1801196687896953,-0.9555620372028648,-1.9101873427908376,13.551328314085595,0.04905807398608886,nan
2,gridBO,8,0.001,nan,10,0.08719866273949019,-1.9082264938915325,-1.9101873427908376,18.10608680230023,0.04984369099838659,nan
2,gridBO,9,0.001,nan,1,0.11295042474470952,0.7102145683874377,-1.9101873427908376,0.0,0.25115372400614433,nan
2,gridBO,9,0.001,nan,2,0.10618608173470565,2.0956751715610773,-1.9101873427908376,1.3854606031736392,0.03645523602608591,nan
2,gridBO,9,0.001,nan,3,0.014193555214982848,1.8378834860086597,-1.9101873427908376,2.5131295207948607,0.04161199400550686,nan
2,gridBO,9,0.001,nan,4,0.09391203348335163,-0.010346423662457305,-1.9101873427908376,4.674812496944545,0.03752583000459708,nan
2,gridBO,9,0.001,nan,5,0.3116550483520506,-1.2911063954370552,-1.9101873427908376,9.797852384042937,0.04167631402378902,nan
2,gridBO,9,0.001,nan,6,0.3778374701631659,0.953980812558461,-1.9101873427908376,12.042939592038454,0.04002819999004714,nan
2,gridBO,9,0.001,nan,7,0.06337185915459587,-1.4192414262461304,-1.9101873427908376,12.811749776892906,0.04363647600985132,nan
2,gridBO,9,0.001,nan,8,0.0008692790946009999,-1.4131702551321412,-1.9101873427908376,12.817820948006897,0.04760721602360718,nan
2,gridBO,9,0.001,nan,9,0.0013833846430730717,-1.909175023574048,-1.9101873427908376,16.737289726630237,0.04799633601214737,nan
2,gridBO,9,0.001,nan,10,0.16816065554891432,-1.3991975406683412,-1.9101873427908376,17.247267209535945,0.05006009901990183,nan
2,exactBO,0,1e-05,0.1,1,0.2159517516947348,-1.9038191448624353,-1.9101873427908376,0.0,0.306217,nan
2,exactBO,0,1e-05,0.1,2,0.3060134947037945,-0.016130243305293668,-1.9101873427908376,1.8876889015571416,0.146639,nan
2,exactBO,0,1e-05,0.1,3,0.1924015655442099,1.956614344492491,-1.9101873427908376,5.748122390912068,1.650095,nan
2,exactBO,0,1e-05,0.1,4,0.2350513370687561,-1.4001698097534465,-1.9101873427908376,6.251771726021056,0.220389,nan
2,exactBO,0,1e-05,0.1,5,0.15430202934250026,-1.7180930446209368,-1.9101873427908376,6.437497826262554,0.895518,nan
2,exactBO,0,1e-05,0.1,6,0.3795960052049011,0.601691157776858,-1.9101873427908376,8.943008128901848,2.568135,nan
2,exactBO,0,1e-05,0.1,7,0.07710245353141622,2.192269904429991,-1.9101873427908376,13.039097178194273,1.62626,nan
2,exactBO,0,1e-05,0.1,8,0.06349169433297674,0.9963263542880436,-1.9101873427908376,15.939242677344751,2.234689,nan
2,exactBO,0,1e-05,0.1,9,0.029602957993197912,1.9655407128345406,-1.9101873427908376,19.808602535041725,2.111153,nan
2,exactBO,0,1e-05,0.1,10,0.010343644412666044,2.0553933474854147,-1.9101873427908376,23.767815027389574,2.599637,nan
2,exactBO,1,1e-05,0.1,1,0.07865026164634879,1.5376618085499891,-1.9101873427908376,0.0,0.238785,nan
2,exactBO,1,1e-05,0.1,2,0.05541178910652773,0.59232632956786,-1.9101873427908376,0.9453354789821296,0.14519,nan
2,exactBO,1,1e-05,0.1,3,0.1025986467170009,0.8703074380849907,-1.9101873427908376,1.2233165874992586,5.115714,nan
2,exactBO,1,1e-05,0.1,4,0.06632285183662358,1.1832322037766856,-1.9101873427908376,1.8142224617080842,1.812459,nan
2,exactBO,1,1e-05,0.1,5,0.08459955339858657,0.8512779839570919,-1.9101873427908376,2.0731741160973165,2.56354,nan
2,exactBO,1,1e-05,0.1,6,0.05827737999320478,0.5695258611535143,-1.9101873427908376,2.187176458169045,1.516335,nan
2,exactBO,1,1e-05,0.1,7,0.14990425284409004,0.07314068203372126,-1.9101873427908376,5.165487532887804,3.840291,nan
2,exactBO,1,1e-05,0.1,8,0.37968202185652955,-0.7592440569198371,-1.9101873427908376,10.992180705562713,8.356142,nan
2,exactBO,1,1e-05,0.1,9,0.6236497348759077,-1.2084297611703887,-1.9101873427908376,14.585666339567126,10.487961,nan
2,exactBO,1,1e-05,0.1,10,0.0442504391084986,1.7108951483246047,-1.9101873427908376,17.50499124906212,8.071926,nan
2,exactBO,2,1e-05,0.1,1,0.01033846111233802,-0.6529562427843043,-1.9101873427908376,0.0,0.350987,nan
2,exactBO,2,1e-05,0.1,2,0.09572020672612759,-0.8556924339182257,-1.9101873427908376,0.20273619113392138,0.200233,nan
2,exactBO,2,1e-05,0.1,3,1.0556549157162176,1.2450575624943954,-1.9101873427908376,2.303486187546542,5.209011,nan
2,exactBO,2,1e-05,0.1,4,0.09545240502121913,2.146221646758105,-1.9101873427908376,5.305400268222872,2.186942,nan
2,exactBO,2,1e-05,0.1,5,0.14319037980990343,-1.437858644714611,-1.9101873427908376,7.634065111408413,0.48361,nan
2,exactBO,2,1e-05,0.1,6,0.42586226202885696,-1.8035684691020526,-1.9101873427908376,9.462614233345622,2.942821,nan
2,exactBO,2,1e-05,0.1,7,0.06113660996661836,0.8252268366667521,-1.9101873427908376,12.091409539114427,6.395754,nan
2,exactBO,2,1e-05,0.1,8,0.14226929710982733,-1.8621692723838388,-1.9101873427908376,12.50161516208693,4.437924,nan
2,exactBO,2,1e-05,0.1,9,0.07405723134413386,0.9963263542880436,-1.9101873427908376,15.360110788758812,8.543824,nan
2,exactBO,2,1e-05,0.1,10,0.04521317707866047,1.9999411876910376,-1.9101873427908376,19.222221248833687,11.373449,nan
2,exactBO,3,1e-05,0.1,1,0.09952385406031847,0.8633849069775428,-1.9101873427908376,0.0,0.299138,nan
2,exactBO,3,1e-05,0.1,2,0.14077066181240874,0.7368161863366862,-1.9101873427908376,0.1265687206408561,0.158287,nan
2,exactBO,3,1e-05,0.1,3,0.13346111821233014,2.05967098887281,-1.9101873427908376,1.4494235231769803,0.199163,nan
2,exactBO,3,1e-05,0.1,4,0.05029164134617121,1.8492527873974474,-1.9101873427908376,2.5618601242377412,1.417608,nan
2,exactBO,3,1e-05,0.1,5,0.08678059860282791,1.2519688236624111,-1.9101873427908376,3.0770127615634664,0.609925,nan
2,exactBO,3,1e-05,0.1,6,0.0723949737164522,-0.06605296795323978,-1.9101873427908376,7.091358533013096,0.378353,nan
2,exactBO,3,1e-05,0.1,7,0.16539611901330095,0.005682061989784604,-1.9101873427908376,7.163093562956121,1.581939,nan
2,exactBO,3,1e-05,0.1,8,0.06609564340958068,-0.05901457680703315,-1.9101873427908376,7.170131954102327,3.109142,nan
2,exactBO,3,1e-05,0.1,9,0.053750548996247316,-0.11827150808001852,-1.9101873427908376,7.587880275116554,4.365036,nan
2,exactBO,3,1e-05,0.1,10,0.05739522043712328,-0.8886467781679643,-1.9101873427908376,14.52125770590807,5.553414,nan
2,exactBO,4,1e-05,0.1,1,0.009736550620085422,1.979355997698845,-1.9101873427908376,0.0,0.353748,nan
2,exactBO,4,1e-05,0.1,2,0.01043467393825481,1.6188999273021678,-1.9101873427908376,0.36045607039667704,0.516791,nan
2,exactBO,4,1e-05,0.1,3,0.029344486004422698,1.269713596711381,-1.9101873427908376,1.0588287315782505,1.504855,nan
2,exactBO,4,1e-05,0.1,4,0.07305295287063567,0.7810205483771038,-1.9101873427908376,2.524907876581082,0.874088,nan
2,exactBO,4,1e-05,0.1,5,0.17569845837993997,0.9279556884351252,-1.9101873427908376,2.6718430166391016,2.268866,nan
2,exactBO,4,1e-05,0.1,6,0.04761346853937984,1.5467827619490837,-1.9101873427908376,3.43760523021108,1.462242,nan
2,exactBO,4,1e-05,0.1,7,0.39942355703518445,-0.48695280488550274,-1.9101873427908376,11.04544534978672,3.079573,nan
2,exactBO,4,1e-05,0.1,8,0.5209752003428617,-0.8943491120497415,-1.9101873427908376,13.89721949993639,3.95134,nan
2,exactBO,4,1e-05,0.1,9,0.028945565110582005,-0.780468765070021,-1.9101873427908376,14.01109984691611,9.026157,nan
2,exactBO,4,1e-05,0.1,10,0.019120496483334023,-0.9310969718661899,-1.9101873427908376,14.341830585264146,7.222758,nan
2,exactBO,5,1e-05,0.1,1,0.1766161958413436,0.09306112528583665,-1.9101873427908376,0.0,0.381073,nan
2,exactBO,5,1e-05,0.1,2,0.12110139801540981,-1.5158414106729876,-1.9101873427908376,1.6089025359588245,0.348355,nan
2,exactBO,5,1e-05,0.1,3,0.2571503081074986,-0.5179154330981715,-1.9101873427908376,2.6068285135336406,2.024528,nan
2,exactBO,5,1e-05,0.1,4,0.03590112578141758,2.000771825017009,-1.9101873427908376,6.1234417492236375,2.438286,nan
2,exactBO,5,1e-05,0.1,5,0.14531623971738397,-0.9064230207203328,-1.9101873427908376,6.732860139176293,1.294348,nan
2,exactBO,5,1e-05,0.1,6,0.30692006284601914,-1.7891855693002765,-1.9101873427908376,8.099580932312739,1.864077,nan
2,exactBO,5,1e-05,0.1,7,0.12048393225318324,-1.909348651908073,-1.9101873427908376,8.820559427959516,4.366007,nan
2,exactBO,5,1e-05,0.1,8,0.15824453674374495,2.10993508798392,-1.9101873427908376,12.839843167851509,6.797535,nan
2,exactBO,5,1e-05,0.1,9,0.06694422359752066,1.4440607674115826,-1.9101873427908376,16.193252587171163,6.497845,nan
2,exactBO,5,1e-05,0.1,10,0.03908802332835031,2.1857628364503565,-1.9101873427908376,20.288364075529593,7.409997,nan
2,exactBO,6,1e-05,0.1,1,0.0363157301961732,-0.1859145629526262,-1.9101873427908376,0.0,0.246163,nan
2,exactBO,6,1e-05,0.1,2,0.07143525805897674,-0.19568823709265493,-1.9101873427908376,0.00977367414002872,0.106659,nan
2,exactBO,6,1e-05,0.1,3,0.050854305027566354,2.0491077792359182,-1.9101873427908376,2.2545696904686015,3.496124,nan
2,exactBO,6,1e-05,0.1,4,0.05977019697171521,1.4943585063632026,-1.9101873427908376,3.944616433924459,6.228292,nan
2,exactBO,6,1e-05,0.1,5,0.0322231563410399,0.855518599621268,-1.9101873427908376,4.995823270638381,5.018324,nan
2,exactBO,6,1e-05,0.1,6,0.009013458139613437,2.0020343374037237,-1.9101873427908376,7.193545845134761,9.36737,nan
2,exactBO,6,1e-05,0.1,7,0.1047364879204522,-0.29454079781846865,-1.9101873427908376,7.786661209489642,1.653696,nan
2,exactBO,6,1e-05,0.1,8,0.02088119896653902,-0.15133745060905301,-1.9101873427908376,7.929864556699059,4.885634,nan
2,exactBO,6,1e-05,0.1,9,0.6471796382966609,-1.4276627083030053,-1.9101873427908376,16.994839840575352,10.18476,nan
2,exactBO,6,1e-05,0.1,10,1.1568950632446195,-0.5325606069157391,-1.9101873427908376,17.889941941962615,9.936507,nan
2,exactBO,7,1e-05,0.1,1,0.012701236317851637,1.9699185795896927,-1.9101873427908376,0.0,0.297121,nan
2,exactBO,7,1e-05,0.1,2,0.02488283195776974,1.8017240075193492,-1.9101873427908376,0.16819457207034372,0.21394,nan
2,exactBO,7,1e-05,0.1,3,0.04482061881759774,1.5075224889927843,-1.9101873427908376,0.7565976091234745,3.399229,nan
2,exactBO,7,1e-05,0.1,4,0.07433557878091802,1.1784114524960234,-1.9101873427908376,1.7439307186137576,2.086678,nan
2,exactBO,7,1e-05,0.1,5,0.693826688058252,-0.047269299765031025,-1.9101873427908376,6.646653727657974,4.753676,nan
2,exactBO,7,1e-05,0.1,6,0.256277529348499,-0.3545425026626088,-1.9101873427908376,8.183019742145863,7.747216,nan
2,exactBO,7,1e-05,0.1,7,0.010154946907973753,1.9622095553836096,-1.9101873427908376,10.49977180019208,8.49611,nan
2,exactBO,7,1e-05,0.1,8,0.011960653681382959,-0.896981599471883,-1.9101873427908376,14.296845477857001,6.180159,nan
2,exactBO,7,1e-05,0.1,9,0.1225292552898502,-0.2630252623416749,-1.9101873427908376,14.93080181498721,6.953838,nan
2,exactBO,7,1e-05,0.1,10,0.06253441393810193,-0.8889147459086226,-1.9101873427908376,14.938868668550473,8.65228,nan
2,exactBO,8,1e-05,0.1,1,0.11569083766484141,-0.36160752390107653,-1.9101873427908376,0.0,0.237956,nan
2,exactBO,8,1e-05,0.1,2,0.007244496109486675,-0.016130243305293668,-1.9101873427908376,0.34547728059578287,0.131818,nan
2,exactBO,8,1e-05,0.1,3,0.00264495082294173,1.9997636766651137,-1.9101873427908376,2.7068484811619733,1.461922,nan
2,exactBO,8,1e-05,0.1,4,0.1425583872159447,1.2511468438445283,-1.9101873427908376,4.319602848907577,0.15893,nan
2,exactBO,8,1e-05,0.1,5,0.16805946736295893,0.9949498519770135,-1.9101873427908376,5.676160224785667,0.186009,nan
2,exactBO,8,1e-05,0.1,6,0.26156385221921197,-0.8440034861706391,-1.9101873427908376,8.08814003613348,0.171849,nan
2,exactBO,8,1e-05,0.1,7,0.24456997830197644,-0.8583321227406469,-1.9101873427908376,8.174111855553527,1.463638,nan
2,exactBO,8,1e-05,0.1,8,0.1254134048240307,-0.814553117635866,-1.9101873427908376,8.217890860658308,2.847099,nan
2,exactBO,8,1e-05,0.1,9,0.07488045691863247,2.049594022851987,-1.9101873427908376,11.125817006250942,4.51514,nan
2,exactBO,8,1e-05,0.1,10,0.07388274018701302,-1.3712141097562465,-1.9101873427908376,15.741754889391341,4.756437,nan
2,exactBO,9,1e-05,0.1,1,0.11295039863791105,0.050155701610669956,-1.9101873427908376,0.0,0.141291,nan
2,exactBO,9,1e-05,0.1,2,0.21168741088218224,0.726915345990379,-1.9101873427908376,0.6767596443797088,0.157115,nan
2,exactBO,9,1e-05,0.1,3,0.05256628757886736,2.0553933474854147,-1.9101873427908376,2.6819972902544524,0.755279,nan
2,exactBO,9,1e-05,0.1,4,0.1205150055140871,1.0389420670338794,-1.9101873427908376,3.6707836556776625,0.196344,nan
2,exactBO,9,1e-05,0.1,5,0.015683681728921078,0.30935343482718447,-1.9101873427908376,3.929981388894177,1.041134,nan
2,exactBO,9,1e-05,0.1,6,0.03607445609686092,1.3933002954937195,-1.9101873427908376,5.273125982777227,1.142615,nan
2,exactBO,9,1e-05,0.1,7,0.004767438833413933,1.4831629822754349,-1.9101873427908376,6.706133263441993,1.146683,nan
2,exactBO,9,1e-05,0.1,8,0.11856566960629289,0.21024206815233848,-1.9101873427908376,6.866219629983659,0.410163,nan
2,exactBO,9,1e-05,0.1,9,0.11912291984567114,-0.059912179829695766,-1.9101873427908376,7.746762681506585,0.804247,nan
2,exactBO,9,1e-05,0.1,10,0.047140944207393606,-0.12589439951946346,-1.9101873427908376,8.340602658714495,2.25785,nan
2,exactBO,0,1e-05,0.01,1,0.21595176307000238,-1.6806677400106955,-1.9101873427908376,0.0,1.123473,nan
2,exactBO,0,1e-05,0.01,2,1.355103848658466,0.8410118618753206,-1.9101873427908376,2.5216796018860164,1.082793,nan
2,exactBO,0,1e-05,0.01,3,0.0751342047646142,2.0019728508265064,-1.9101873427908376,6.204320192723218,4.155722,nan
2,exactBO,0,1e-05,0.01,4,0.17739049691801215,-1.3820466358066121,-1.9101873427908376,6.502941296927301,0.513816,nan
2,exactBO,0,1e-05,0.01,5,0.07616575982673636,-0.8725790120540173,-1.9101873427908376,7.31103002488398,2.451796,nan
2,exactBO,0,1e-05,0.01,6,0.0804146024145005,2.192269904429991,-1.9101873427908376,11.183967669324666,4.824291,nan
2,exactBO,0,1e-05,0.01,7,0.06190426637834321,-0.2958502006911705,-1.9101873427908376,12.568785208644192,7.712381,nan
2,exactBO,0,1e-05,0.01,8,0.3066223101938634,-1.8721166240676954,-1.9101873427908376,13.908927397043191,10.747947,nan
2,exactBO,0,1e-05,0.01,9,0.11124461110572498,0.9963263542880436,-1.9101873427908376,16.77737037539893,11.623841,nan
2,exactBO,0,1e-05,0.01,10,0.023367085440196438,-1.9098421330594642,-1.9101873427908376,17.11689995632485,10.084679,nan
2,exactBO,1,1e-05,0.01,1,0.07865025478254557,1.3478826943131677,-1.9101873427908376,0.0,0.178295,nan
2,exactBO,1,1e-05,0.01,2,0.0530138270825288,0.5985468133843319,-1.9101873427908376,0.749335880928836,1.830885,nan
2,exactBO,1,1e-05,0.01,3,0.0425632766624274,1.8945930992303055,-1.9101873427908376,2.045382166774811,5.041211,nan
2,exactBO,1,1e-05,0.01,4,0.06548555746831505,0.37839959026975034,-1.9101873427908376,2.7058238361185545,1.753066,nan
2,exactBO,1,1e-05,0.01,5,0.03655572046807479,-0.5205342681030123,-1.9101873427908376,6.301559269609605,3.732838,nan
2,exactBO,1,1e-05,0.01,6,0.2876189309937685,-1.4136478269786577,-1.9101873427908376,10.76712706398783,4.354652,nan
2,exactBO,1,1e-05,0.01,7,1.5249630052096534,-0.8631726678586231,-1.9101873427908376,11.317602223107865,5.387839,nan
2,exactBO,1,1e-05,0.01,8,0.49193187350054335,-1.7702805045605094,-1.9101873427908376,13.814030966180827,8.038312,nan
2,exactBO,1,1e-05,0.01,9,0.05184855499936881,-1.9081908163490433,-1.9101873427908376,14.917313460489098,8.248522,nan
2,exactBO,1,1e-05,0.01,10,0.07436419387211424,1.7477491809068284,-1.9101873427908376,18.57325345774497,7.371858,nan
2,exactBO,2,1e-05,0.01,1,0.010338486937406827,0.8059512537240745,-1.9101873427908376,0.0,1.267747,nan
2,exactBO,2,1e-05,0.01,2,0.01413921820414003,1.1960100411167,-1.9101873427908376,0.39005878739262556,0.651729,nan
2,exactBO,2,1e-05,0.01,3,0.01974810079225758,0.7347312646309145,-1.9101873427908376,0.5324987655789464,1.045506,nan
2,exactBO,2,1e-05,0.01,4,0.06178828178953661,0.5634747335129777,-1.9101873427908376,1.0462683589327568,3.112524,nan
2,exactBO,2,1e-05,0.01,5,6.009464411878611,1.9022684629606774,-1.9101873427908376,2.3850620883804563,7.505104,nan
2,exactBO,2,1e-05,0.01,6,1.1320694278750907,-1.2192336770303043,-1.9101873427908376,11.298604141096867,8.221864,nan
2,exactBO,2,1e-05,0.01,7,0.361620839730654,-1.8387398887285005,-1.9101873427908376,15.015641411286044,11.437762,nan
2,exactBO,2,1e-05,0.01,8,0.1519714935658669,-1.8070484294775189,-1.9101873427908376,15.047332870537026,10.358386,nan
2,exactBO,2,1e-05,0.01,9,0.05936206251029344,-1.909956022767104,-1.9101873427908376,15.617061942845854,13.052384,nan
2,exactBO,2,1e-05,0.01,10,0.0772685609609046,0.996357670647158,-1.9101873427908376,18.523375636260116,16.388949,nan
2,exactBO,3,1e-05,0.01,1,0.09952385383051937,1.4094095146318255,-1.9101873427908376,0.0,1.358529,nan
2,exactBO,3,1e-05,0.01,2,0.07351224444635669,1.022997029361056,-1.9101873427908376,0.3864124852707702,1.820014,nan
2,exactBO,3,1e-05,0.01,3,0.06465701069757293,0.31306742636398543,-1.9101873427908376,1.80627169126491,1.744899,nan
2,exactBO,3,1e-05,0.01,4,0.10284899821188385,0.5243495253637973,-1.9101873427908376,2.0175537902647207,2.334926,nan
2,exactBO,3,1e-05,0.01,5,0.23773919572380953,0.015978986560968966,-1.9101873427908376,3.2059075494767875,4.540047,nan
2,exactBO,3,1e-05,0.01,6,0.09790929946978957,1.6692957296329622,-1.9101873427908376,4.859224292548781,5.906579,nan
2,exactBO,3,1e-05,0.01,7,0.07292712227336344,-0.10852276204983902,-1.9101873427908376,5.606234784213628,5.758355,nan
2,exactBO,3,1e-05,0.01,8,0.0506094977796633,0.9539483246036997,-1.9101873427908376,6.668705870867168,7.557472,nan
2,exactBO,3,1e-05,0.01,9,0.03479417394690131,1.999941186857558,-1.9101873427908376,8.777169819774567,9.863335,nan
2,exactBO,3,1e-05,0.01,10,0.027568079429964906,1.6318486700355932,-1.9101873427908376,10.517541251859996,8.304672,nan
2,exactBO,4,1e-05,0.01,1,0.00973656221180487,2.0018280699954563,-1.9101873427908376,0.0,0.318025,nan
2,exactBO,4,1e-05,0.01,2,0.010630488224003363,1.6527401446670429,-1.9101873427908376,0.3490879253284138,1.085864,nan
2,exactBO,4,1e-05,0.01,3,0.01770215946627874,1.5740063077301807,-1.9101873427908376,0.5065555992021373,1.372303,nan
2,exactBO,4,1e-05,0.01,4,0.042508102820652156,0.9117240654339225,-1.9101873427908376,2.493402326090912,2.034306,nan
2,exactBO,4,1e-05,0.01,5,0.21046441296486662,0.26379997227348717,-1.9101873427908376,5.0850986987326525,4.809083,nan
2,exactBO,4,1e-05,0.01,6,0.8247679429419836,-0.39211711594427534,-1.9101873427908376,8.364684139821467,5.063289,nan
2,exactBO,4,1e-05,0.01,7,0.024461478357768924,-0.3542260996952913,-1.9101873427908376,8.40257515607045,15.388087,nan
2,exactBO,4,1e-05,0.01,8,0.3297648927550569,-0.5778460240853991,-1.9101873427908376,9.702677513058315,11.556755,nan
2,exactBO,4,1e-05,0.01,9,0.07645777662279502,0.8278481394335331,-1.9101873427908376,11.10837167657725,12.080547,nan
2,exactBO,4,1e-05,0.01,10,0.0932047170103069,-0.7950846710680599,-1.9101873427908376,13.063519499421197,18.785519,nan
2,exactBO,5,1e-05,0.01,1,0.17661619598456302,0.09907861852210953,-1.9101873427908376,0.0,0.532395,nan
2,exactBO,5,1e-05,0.01,2,0.12118800513865051,-1.6724889264619116,-1.9101873427908376,1.7715675449840211,2.160053,nan
2,exactBO,5,1e-05,0.01,3,0.726958785760568,-0.6948937864446041,-1.9101873427908376,2.7491626850013287,4.3959,nan
2,exactBO,5,1e-05,0.01,4,0.13055590434856143,-1.157115055855419,-1.9101873427908376,3.2645365556078207,8.085072,nan
2,exactBO,5,1e-05,0.01,5,0.19169532058508756,-1.7824828550818759,-1.9101873427908376,3.704512270087678,2.333854,nan
2,exactBO,5,1e-05,0.01,6,0.07968981824101624,1.9999411876910376,-1.9101873427908376,7.486936312860591,6.813051,nan
2,exactBO,5,1e-05,0.01,7,0.13616908246488132,2.1596782302512234,-1.9101873427908376,11.42909739819369,4.090227,nan
2,exactBO,5,1e-05,0.01,8,0.10240439441567283,1.5337576313999077,-1.9101873427908376,14.745337884675475,6.477119,nan
2,exactBO,5,1e-05,0.01,9,0.24027245613372578,-1.4030654649861214,-1.9101873427908376,15.124755274771232,4.608958,nan
2,exactBO,5,1e-05,0.01,10,0.10352851471048359,-1.9097920956116128,-1.9101873427908376,16.27053843953886,8.465171,nan
2,exactBO,6,1e-05,0.01,1,0.03631577055010242,-1.1534929430186094,-1.9101873427908376,0.0,0.258077,nan
2,exactBO,6,1e-05,0.01,2,0.12463687815805387,-1.263965318474677,-1.9101873427908376,0.1104723754560677,2.179674,nan
2,exactBO,6,1e-05,0.01,3,0.09923773930347332,2.05539301180253,-1.9101873427908376,3.4298307057332744,6.377823,nan
2,exactBO,6,1e-05,0.01,4,0.12022676031584795,-1.2243070162516503,-1.9101873427908376,3.4694890079563017,6.244861,nan
2,exactBO,6,1e-05,0.01,5,0.0415982308778931,2.001981848069379,-1.9101873427908376,6.735436174500358,6.364226,nan
2,exactBO,6,1e-05,0.01,6,0.08423387330913916,-1.6442195129515276,-1.9101873427908376,8.63670714688461,7.675811,nan
2,exactBO,6,1e-05,0.01,7,0.4012227893033457,-1.81050664094695,-1.9101873427908376,9.634429914857144,6.99945,nan
2,exactBO,6,1e-05,0.01,8,0.11925413931933654,-1.043332462081425,-1.9101873427908376,10.40160409372267,7.025882,nan
2,exactBO,6,1e-05,0.01,9,0.0985784843416142,2.1922697410734293,-1.9101873427908376,14.40438047574305,7.618493,nan
2,exactBO,6,1e-05,0.01,10,0.07823425344299581,-1.9096670672006497,-1.9101873427908376,15.296824312026347,9.338926,nan
2,exactBO,7,1e-05,0.01,1,0.012701312673344322,1.9996000024977882,-1.9101873427908376,0.0,0.298004,nan
2,exactBO,7,1e-05,0.01,2,0.014600060032559871,1.7072734510351422,-1.9101873427908376,0.2923265514626463,1.324169,nan
2,exactBO,7,1e-05,0.01,3,0.019481081032135097,1.537268801959876,-1.9101873427908376,0.6323358496131775,1.377594,nan
2,exactBO,7,1e-05,0.01,4,0.09076156061580765,1.1805891225519454,-1.9101873427908376,1.702374887836969,2.704292,nan
2,exactBO,7,1e-05,0.01,5,0.06027348376755668,1.424488868308868,-1.9101873427908376,1.9462746335938927,4.996106,nan
2,exactBO,7,1e-05,0.01,6,0.05653380407627944,1.6503679401806226,-1.9101873427908376,2.41605345122257,5.000102,nan
2,exactBO,7,1e-05,0.01,7,0.41188649440675057,-0.3917301545130121,-1.9101873427908376,11.849969113612314,6.773141,nan
2,exactBO,7,1e-05,0.01,8,0.8321720658634116,-0.8238478491012571,-1.9101873427908376,14.874792975730031,6.648331,nan
2,exactBO,7,1e-05,0.01,9,0.07560880556183561,-0.933866732644522,-1.9101873427908376,15.754944044076153,10.709683,nan
2,exactBO,7,1e-05,0.01,10,0.04325041746462203,-0.6474674923207662,-1.9101873427908376,16.041343284399908,9.850231,nan
2,exactBO,8,1e-05,0.01,1,0.11569083825980708,-0.1281758987421986,-1.9101873427908376,0.0,0.330709,nan
2,exactBO,8,1e-05,0.01,2,0.2028557590670861,1.868444990365972,-1.9101873427908376,1.9966208891081711,0.167903,nan
2,exactBO,8,1e-05,0.01,3,0.03920342090655871,2.0171853787980742,-1.9101873427908376,4.141982166648443,2.465672,nan
2,exactBO,8,1e-05,0.01,4,0.11845138032714579,-0.5783042624968164,-1.9101873427908376,5.4923672579122975,0.226122,nan
2,exactBO,8,1e-05,0.01,5,0.05516715492201277,0.7097404192355761,-1.9101873427908376,6.78041193964469,2.142085,nan
2,exactBO,8,1e-05,0.01,6,0.1773021417940911,-0.8672334422600021,-1.9101873427908376,8.22505783846062,2.658987,nan
2,exactBO,8,1e-05,0.01,7,0.038673299071418,-1.3018607139104992,-1.9101873427908376,10.832821468363601,5.852229,nan
2,exactBO,8,1e-05,0.01,8,0.15582578514432968,-1.2923379299429714,-1.9101873427908376,10.842344252331129,1.990092,nan
2,exactBO,8,1e-05,0.01,9,0.16768659295714813,-1.8996864930642348,-1.9101873427908376,15.624950485561014,2.426705,nan
2,exactBO,8,1e-05,0.01,10,0.11877897311690006,-1.1632080583038622,-1.9101873427908376,16.361428920321387,4.899506,nan
2,exactBO,9,1e-05,0.01,1,0.11295041211944933,0.9136108319458471,-1.9101873427908376,0.0,1.205636,nan
2,exactBO,9,1e-05,0.01,2,0.1714176948449038,1.5691777206400221,-1.9101873427908376,0.6555668886941746,2.088309,nan
2,exactBO,9,1e-05,0.01,3,0.02579437401112363,-0.01613445418662174,-1.9101873427908376,2.515057460959113,2.020047,nan
2,exactBO,9,1e-05,0.01,4,0.07327026438600825,0.8277247601876201,-1.9101873427908376,3.3589166753333544,1.757358,nan
2,exactBO,9,1e-05,0.01,5,0.07950706384407201,1.8202320957070115,-1.9101873427908376,5.195283225226987,1.185276,nan
2,exactBO,9,1e-05,0.01,6,0.05940161167655938,0.3941552169607738,-1.9101873427908376,5.605572896374383,2.618497,nan
2,exactBO,9,1e-05,0.01,7,0.15428078841992188,-0.9007219816594079,-1.9101873427908376,10.913098061211098,3.820176,nan
2,exactBO,9,1e-05,0.01,8,0.6617396248317886,-1.869223027847923,-1.9101873427908376,17.692605384530705,7.99332,nan
2,exactBO,9,1e-05,0.01,9,0.09346263088093115,-1.7203200795792304,-1.9101873427908376,17.841508332799396,8.884467,nan
2,exactBO,9,1e-05,0.01,10,0.07356224764497697,-1.8661744129861564,-1.9101873427908376,17.84455694766116,11.659729,nan
10,exactBO,0,0.1,50.0,1,25.98811295004682,27.86873835916277,3.363385360111855,0.0,1215.450191,nan
10,exactBO,0,0.1,50.0,2,12.645796683430143,9.799977787645389,3.363385360111855,18.06876057151738,10.141823,nan
10,exactBO,0,0.1,50.0,3,12.62661183612824,28.512920807728996,3.363385360111855,36.78170359160099,1558.232155,nan
10,exactBO,0,0.1,50.0,4,16.01291618722992,20.932921217266635,3.363385360111855,47.91464702122224,2256.837145,nan
10,exactBO,0,0.1,50.0,5,14.903908690188107,15.301311135442084,3.363385360111855,53.415980369018925,264.834492,nan
10,exactBO,0,0.1,50.0,6,11.164709144410962,43.90528524501852,3.363385360111855,87.52128782639204,469.644863,nan
10,exactBO,0,0.1,50.0,7,27.18081713966211,33.001155370026794,3.363385360111855,110.72246540877345,5953.467094,nan
10,exactBO,0,0.1,50.0,8,26.207578556187887,7.989285149940789,3.363385360111855,123.39731387270564,6656.486987,nan
10,exactBO,0,0.1,50.0,9,9.61421321092974,8.33621331443111,3.363385360111855,123.74424203719596,36.567985,nan
10,exactBO,0,0.1,50.0,10,7.379274155513412,23.793560407822078,3.363385360111855,139.54851729507726,108.060073,nan
5,exactBO,0,0.1,10.0,1,7605.745607925335,73.83891941204601,0.0,0.0,0.216822,nan
5,exactBO,0,0.1,10.0,2,8095.620507607807,582.0647996728217,0.0,508.2258802607757,0.450057,nan
5,exactBO,0,0.1,10.0,3,7128.6946298094135,33214.841231222585,0.0,33649.228192071314,0.244676,nan
5,exactBO,0,0.1,10.0,4,7344.618567186064,459.13361972047176,0.0,34034.52289237974,0.182738,nan
5,exactBO,0,0.1,10.0,5,8998.723284328657,603.5810861009816,0.0,34564.265059068675,0.195997,nan
5,exactBO,0,0.1,10.0,6,43821.42224207351,51107.44450803449,0.0,85597.87064769112,33.737843,nan
5,exactBO,0,0.1,10.0,7,8159.626050303816,175.175154744274,0.0,85699.20688302335,40.896504,nan
5,exactBO,0,0.1,10.0,8,6691.735903425209,92.76749414139437,0.0,85718.1354577527,46.119921,nan
5,exactBO,0,0.1,10.0,9,22323.894751354426,64.30527253584954,0.0,85794.40463276226,25.82273,nan
5,exactBO,0,0.1,10.0,10,4935.506347154944,606.5629077932198,0.0,86336.66226801963,56.83728,nan
5,exactBO,1,0.1,10.0,1,88030.50982027176,63707.49719759514,0.0,0.0,2.304193,nan
5,exactBO,1,0.1,10.0,2,36576.278274006596,23.06257117854888,0.0,63684.43462641659,0.064683,nan
5,exactBO,1,0.1,10.0,3,81721.37871525588,56.41320620718088,0.0,63717.78526144522,1.836841,nan
5,exactBO,1,0.1,10.0,4,8316.1844829864,7578.114816847039,0.0,71272.83750711371,0.105568,nan
5,exactBO,1,0.1,10.0,5,9477.491211579496,303.8917742377221,0.0,71553.6667101729,0.100166,nan
5,exactBO,1,0.1,10.0,6,10338.814148414527,2640.8695742048976,0.0,74171.47371319924,2.515778,nan
5,exactBO,1,0.1,10.0,7,46307.4869970496,59.14018999805324,0.0,74207.55133201876,12.828288,nan
5,exactBO,1,0.1,10.0,8,60877.35136337629,273359.2921278654,0.0,347543.78088870563,8.673461,nan
5,exactBO,1,0.1,10.0,9,32552.230179653092,47.33802356155873,0.0,347568.05634108867,0.699899,nan
5,exactBO,1,0.1,10.0,10,27124.624335788063,2358.922812161243,0.0,349903.91658207134,0.645119,nan
5,exactBO,2,0.1,10.0,1,54526.029121917934,9.82101868994758,0.0,0.0,0.145582,nan
5,exactBO,2,0.1,10.0,2,26853.27990426527,180.07296295334413,0.0,170.25194426339655,0.942836,nan
5,exactBO,2,0.1,10.0,3,35919.18921215722,387794.21847955784,0.0,387954.6494051313,0.800298,nan
5,exactBO,2,0.1,10.0,4,77246.59988388659,42.51368104232899,0.0,387987.3420674837,0.318273,nan
5,exactBO,2,0.1,10.0,5,89134.6685039549,3981.115103648149,0.0,391958.6361524419,6.608195,nan
5,exactBO,2,0.1,10.0,6,53036.38893071947,57908.41786507276,0.0,449857.23299882474,2.57246,nan
5,exactBO,2,0.1,10.0,7,53879.56900718922,80202.58821522981,0.0,530050.0001953647,3.247727,nan
5,exactBO,2,0.1,10.0,8,123054.96979653466,508513.84389177355,0.0,1038554.0230684483,1.372022,nan
5,exactBO,2,0.1,10.0,9,87776.390298547,388.4198697966519,0.0,1038932.621919555,14.58231,nan
5,exactBO,2,0.1,10.0,10,135287.5202042174,4455.434767691867,0.0,1043378.2356685569,16.883679,nan
5,exactBO,3,0.1,10.0,1,21996.776833365413,103.16668621366931,0.0,0.0,2.166373,nan
5,exactBO,3,0.1,10.0,2,4222.915261265698,29160.21402406112,0.0,29057.04733784745,17.352254,nan
5,exactBO,3,0.1,10.0,3,40972.53489354759,264.4652662669895,0.0,29218.34591790077,2.233592,nan
5,exactBO,3,0.1,10.0,4,28878.51584321513,36076.13837629557,0.0,65191.317607982666,1.021709,nan
5,exactBO,3,0.1,10.0,5,18485.11280830849,39.21766522812989,0.0,65447.11369192483,2.668781,nan
5,exactBO,3,0.1,10.0,6,4708.146104232727,70763.09535338749,0.0,136170.9913800842,13.806465,nan
5,exactBO,3,0.1,10.0,7,9662.651373842544,486.6775782836586,0.0,136618.45129313972,5.098677,nan
5,exactBO,3,0.1,10.0,8,5793.185105585555,488980.74394717073,0.0,625559.9775750822,13.417566,nan
5,exactBO,3,0.1,10.0,9,29442.445390543322,94362.9491388467,0.0,719883.7090487009,15.552396,nan
5,exactBO,3,0.1,10.0,10,27784.093688685913,378.3200293112368,0.0,720222.8114127839,25.294143,nan
5,exactBO,4,0.1,10.0,1,44759.69146862017,777.4465176514778,0.0,0.0,1.076663,nan
5,exactBO,4,0.1,10.0,2,14687.02887258692,48848.50653039233,0.0,48071.060012740854,7.104881,nan
5,exactBO,4,0.1,10.0,3,39322.265079402976,463.79558233034794,0.0,48698.36188338311,0.410637,nan
5,exactBO,4,0.1,10.0,4,24481.385551559328,1506.1585005202153,0.0,49740.724801572986,0.525328,nan
5,exactBO,4,0.1,10.0,5,33418.5056842897,20742.02593790617,0.0,70018.9551571488,2.12597,nan
5,exactBO,4,0.1,10.0,6,23248.391914981017,782.6688365258395,0.0,70337.8284113443,2.17978,nan
5,exactBO,4,0.1,10.0,7,29106.02500833024,56376.078955998106,0.0,126250.11178501206,3.115704,nan
5,exactBO,4,0.1,10.0,8,19272.67708180092,45764.953515409165,0.0,171551.26971809086,0.786828,nan
5,exactBO,4,0.1,10.0,9,46461.50911974207,262186.6231100699,0.0,433274.09724583046,7.003859,nan
5,exactBO,4,0.1,10.0,10,65324.3994604982,14693.006071574953,0.0,447503.307735075,6.654606,nan
5,exactBO,5,0.1,10.0,1,28787.870141616982,124.38295857427069,0.0,0.0,0.311339,nan
5,exactBO,5,0.1,10.0,2,21054.260701483727,11435.252074408978,0.0,11310.869115834708,0.186598,nan
5,exactBO,5,0.1,10.0,3,13246.470970274504,17986.43690381053,0.0,29172.923061070967,0.916885,nan
5,exactBO,5,0.1,10.0,4,19768.951121865946,915.6043949453915,0.0,29964.14449744209,0.745492,nan
5,exactBO,5,0.1,10.0,5,13860.800777477774,984.973445370719,0.0,30824.734984238537,0.532726,nan
5,exactBO,5,0.1,10.0,6,16975.939853803775,12783.855047107265,0.0,43484.20707277153,2.085127,nan
5,exactBO,5,0.1,10.0,7,12403.72903191982,157979.3978048894,0.0,201339.22191908665,2.312216,nan
5,exactBO,5,0.1,10.0,8,32276.64879309028,15.095353221509114,0.0,202104.23515655598,0.473469,nan
5,exactBO,5,0.1,10.0,9,23002.617421870335,9.15231183433434,0.0,202151.77948765337,3.646561,nan
5,exactBO,5,0.1,10.0,10,22967.99993443458,1755.0694214229256,0.0,203897.69659724197,4.909591,nan
5,exactBO,6,0.1,10.0,1,17762.20644694146,84.59625188426733,0.0,0.0,0.669931,nan
5,exactBO,6,0.1,10.0,2,11314.415911789942,16077.628967438184,0.0,15993.032715553918,0.098638,nan
5,exactBO,6,0.1,10.0,3,4237.810714575801,11.75293328828086,0.0,16138.71935274589,0.097172,nan
5,exactBO,6,0.1,10.0,4,12027.316774319343,8090.4882628659125,0.0,24217.45468232352,1.792757,nan
5,exactBO,6,0.1,10.0,5,4466.699883325432,94.69762543808454,0.0,24300.399374473323,2.081764,nan
5,exactBO,6,0.1,10.0,6,37809.56094418958,113723.64053112679,0.0,138012.28697231185,12.378173,nan
5,exactBO,6,0.1,10.0,7,23824.118069002106,6143.923435111096,0.0,144144.45747413466,15.967096,nan
5,exactBO,6,0.1,10.0,8,15402.463104016126,1434.9474328098504,0.0,145567.65197365623,18.453801,nan
5,exactBO,6,0.1,10.0,9,19889.369212563455,25754.936258790567,0.0,171310.83529915853,5.10063,nan
5,exactBO,6,0.1,10.0,10,24268.355605360935,597.5884883661641,0.0,171896.6708542364,5.382987,nan
5,exactBO,7,0.1,10.0,1,13135.032584438752,480.9889321790695,0.0,0.0,0.291906,nan
5,exactBO,7,0.1,10.0,2,15903.900213288061,514.1871451700073,0.0,33.198212990937805,0.128769,nan
5,exactBO,7,0.1,10.0,3,47545.827457251144,31783.886094515838,0.0,31336.095375327703,1.03905,nan
5,exactBO,7,0.1,10.0,4,10910.74081207053,5919.376968372336,0.0,36774.483411520974,0.238625,nan
5,exactBO,7,0.1,10.0,5,54117.68631328078,125522.40451741777,0.0,161815.89899675967,0.630751,nan
5,exactBO,7,0.1,10.0,6,24490.799295522094,6.497923222232111,0.0,164188.35404154388,0.277205,nan
5,exactBO,7,0.1,10.0,7,14234.064134942178,162.9453976999992,0.0,164344.80151602163,0.400863,nan
5,exactBO,7,0.1,10.0,8,15011.274059802516,605.8990463806699,0.0,164944.2026391801,0.340145,nan
5,exactBO,7,0.1,10.0,9,33573.46391217254,266532.297485376,0.0,431470.0022013338,0.467858,nan
5,exactBO,7,0.1,10.0,10,61348.190426679605,104670.4769818731,0.0,536133.9812599847,3.424512,nan
5,exactBO,8,0.1,10.0,1,21722.820661026173,83.4593738028468,0.0,0.0,0.465536,nan
5,exactBO,8,0.1,10.0,2,11547.918407112356,141234.26359108387,0.0,141150.80421728102,0.262003,nan
5,exactBO,8,0.1,10.0,3,30547.01937991897,1180.0717899896847,0.0,142247.41663346786,1.196102,nan
5,exactBO,8,0.1,10.0,4,16160.16558727777,7890.892374704159,0.0,150054.84963436917,0.533681,nan
5,exactBO,8,0.1,10.0,5,22680.552735233814,20901.709773670802,0.0,170873.1000342371,2.435066,nan
5,exactBO,8,0.1,10.0,6,12660.350761600297,796.6967397253865,0.0,171586.33740015965,0.810226,nan
5,exactBO,8,0.1,10.0,7,39140.6740325607,30.32341466204622,0.0,171905.15315500446,3.199015,nan
5,exactBO,8,0.1,10.0,8,13377.892862935434,29437.137938958578,0.0,201311.967679301,14.351762,nan
5,exactBO,8,0.1,10.0,9,20641.740107549474,325602.8662215134,0.0,526884.5104861523,5.71713,nan
5,exactBO,8,0.1,10.0,10,17681.214383144037,288.51992214718234,0.0,527142.7069936374,8.02456,nan
5,exactBO,9,0.1,10.0,1,45815.02135504518,45.76362759787984,0.0,0.0,0.17662,nan
5,exactBO,9,0.1,10.0,2,44548.761834425095,103.61258645594002,0.0,57.848958858060186,0.162105,nan
5,exactBO,9,0.1,10.0,3,55133.11065579524,15.875018889453878,0.0,117.62617627491211,0.142672,nan
5,exactBO,9,0.1,10.0,4,37268.43793018591,73976.65062577494,0.0,74078.4017831604,0.1806,nan
5,exactBO,9,0.1,10.0,5,7942.279406416304,96110.10903942048,0.0,170172.63580369143,13.251881,nan
5,exactBO,9,0.1,10.0,6,106065.83207885956,1199.7793087743123,0.0,171356.54009357627,13.937512,nan
5,exactBO,9,0.1,10.0,7,45321.844173849706,134.46063582895846,0.0,171475.12571051577,0.469493,nan
5,exactBO,9,0.1,10.0,8,26853.251935648936,757.629845127249,0.0,172216.88053675357,12.240254,nan
5,exactBO,9,0.1,10.0,9,35342.450951654566,523243.9680347474,0.0,695444.9735526115,12.857464,nan
5,exactBO,9,0.1,10.0,10,103516.78314372964,58861.898641325475,0.0,754290.9971750476,0.454283,nan
5,gridBO,0,0.1,nan,1,8598.457176537593,438049.14776335924,0.0,0.0,3.375147532002302,nan
5,gridBO,0,0.1,nan,2,49616.32509741257,1620.0596304312985,0.0,436429.08813292795,0.0192418210208416,nan
5,gridBO,0,0.1,nan,3,41333.914106737735,540249.774815164,0.0,975058.8033176607,0.01800820097560063,nan
5,gridBO,0,0.1,nan,4,64871.825416371576,30.743479845700005,0.0,979826.7517694175,0.016024771000957116,nan
5,gridBO,0,0.1,nan,5,55483.5954639832,2330.799493127298,0.0,982126.8077826991,0.01705941400723532,nan
5,gridBO,0,0.1,nan,6,58380.74585579415,102713.52405756724,0.0,1084809.5883604207,0.015076576004503295,nan
5,gridBO,0,0.1,nan,7,40729.552433270306,12470.88084980889,0.0,1097249.7257303838,0.015961939003318548,nan
5,gridBO,0,0.1,nan,8,42577.71351084754,195830.84182692412,0.0,1293049.8240774623,0.016670885001076385,nan
5,gridBO,0,0.1,nan,9,45742.12828382205,32741.787897146496,0.0,1325760.868494763,0.01750219997484237,nan
5,gridBO,0,0.1,nan,10,44539.998436461,83159.93712520407,0.0,1408890.0621401216,0.018940604000817984,nan
5,gridBO,1,0.1,nan,1,86979.8070069725,36274.66409945207,0.0,0.0,0.23546972597250715,nan
5,gridBO,1,0.1,nan,2,30025.146247247092,36973.174768714496,0.0,698.5106692624249,0.019232572987675667,nan
5,gridBO,1,0.1,nan,3,54855.00847633639,547.8080204424999,0.0,72152.22282728157,0.018254026013892144,nan
5,gridBO,1,0.1,nan,4,86374.89211536062,147.3820492441,0.0,73353.50074087677,0.016261459997622296,nan
5,gridBO,1,0.1,nan,5,35156.455366614435,584777.824201844,0.0,657983.9428934767,0.017114375019446015,nan
5,gridBO,1,0.1,nan,6,67546.14442764035,154.6712822441,0.0,657991.2321264768,0.014917152002453804,nan
5,gridBO,1,0.1,nan,7,98395.19629762197,418.46464214969996,0.0,658262.3147193824,0.015933635004330426,nan
5,gridBO,1,0.1,nan,8,79881.0270297798,188929.09635924417,0.0,847044.0290293825,0.01673819700954482,nan
5,gridBO,1,0.1,nan,9,147151.86958482742,40.53168378010001,0.0,847898.8319530946,0.018318329995963722,nan
5,gridBO,1,0.1,nan,10,76059.54552707316,3.8381659000999973,0.0,848229.0736140145,0.019047708017751575,nan
5,gridBO,2,0.1,nan,1,55715.955320096706,45780.58129227447,0.0,0.0,0.23726918699685484,nan
5,gridBO,2,0.1,nan,2,111113.99541652328,428206.9905187817,0.0,382426.40922650724,0.019469549995847046,nan
5,gridBO,2,0.1,nan,3,51009.6139319819,110285.21024879607,0.0,446931.0381830288,0.01814041001489386,nan
5,gridBO,2,0.1,nan,4,52570.82871753281,101129.4164486361,0.0,502279.8733393905,0.016297027992550284,nan
5,gridBO,2,0.1,nan,5,39481.519794723106,74936.69967477366,0.0,531435.9917218896,0.01714616600656882,nan
5,gridBO,2,0.1,nan,6,41573.42504745024,1917.463451375298,0.0,750751.5809263855,0.015014159987913445,nan
5,gridBO,2,0.1,nan,7,53495.51591389716,7008.7961535241,0.0,755842.9136285342,0.016748341004131362,nan
5,gridBO,2,0.1,nan,8,72866.6434388433,136.31658652409993,0.0,768310.9416824926,0.016898294008569792,nan
5,gridBO,2,0.1,nan,9,105137.96837866204,4389.185388029698,0.0,772563.8104839982,0.017626504006329924,nan
5,gridBO,2,0.1,nan,10,89480.31469272988,4113.117166002498,0.0,776540.6110634767,0.01925715000834316,nan
5,gridBO,3,0.1,nan,1,21704.468825093358,15669.263855468094,0.0,0.0,0.22394853699370287,nan
5,gridBO,3,0.1,nan,2,15651.989892012329,9371.466266189696,0.0,6297.797589278398,0.019332126015797257,nan
5,gridBO,3,0.1,nan,3,55634.90653035914,19444.551840724085,0.0,16370.883163812789,0.018029673025012016,nan
5,gridBO,3,0.1,nan,4,14072.626254104443,1487.8186317080995,0.0,40021.82606725758,0.016501317004440352,nan
5,gridBO,3,0.1,nan,5,5299.521072167519,95.26940108409998,0.0,45592.022989753576,0.01711768697714433,nan
5,gridBO,3,0.1,nan,6,16209.903163812298,86329.13970228405,0.0,131825.89329095354,0.014980143983848393,nan
5,gridBO,3,0.1,nan,7,14375.86004414419,19348.974754748087,0.0,151079.5986446175,0.01595611500670202,nan
5,gridBO,3,0.1,nan,8,11515.846725069494,91.93373756409999,0.0,151102.9482892575,0.016565972997341305,nan
5,gridBO,3,0.1,nan,9,11375.821823961343,54483.52034782009,0.0,205494.5348995135,0.018428171024424955,nan
5,gridBO,3,0.1,nan,10,6741.858737522839,42.60873378809994,0.0,205938.4599334975,0.019061452010646462,nan
5,gridBO,4,0.1,nan,1,44197.43158219552,83628.36977588406,0.0,0.0,0.236505793989636,nan
5,gridBO,4,0.1,nan,2,22114.634428510726,21.4518239545,0.0,83606.91795192956,0.019103485014056787,nan
5,gridBO,4,0.1,nan,3,25705.883893806105,3009.9762045320977,0.0,86595.44233250715,0.017774919979274273,nan
5,gridBO,4,0.1,nan,4,28210.996329460024,195157.3567192441,0.0,281731.34722779674,0.01603390698437579,nan
5,gridBO,4,0.1,nan,5,31073.43949255126,98.28296818809999,0.0,281808.1783720303,0.016980949993012473,nan
5,gridBO,4,0.1,nan,6,19014.109057874488,106231.95507919606,0.0,388018.68162727193,0.01499254399095662,nan
5,gridBO,4,0.1,nan,7,12557.982034434162,299.5951155640998,0.0,388296.8249188815,0.01668749301461503,nan
5,gridBO,4,0.1,nan,8,26981.837005435827,14523.76111505209,0.0,402799.13420997915,0.01649686897872016,nan
5,gridBO,4,0.1,nan,9,15056.933587646057,2946.6208121241,0.0,405724.30319814873,0.0182733710098546,nan
5,gridBO,4,0.1,nan,10,10753.821932262026,553.8659312600996,0.0,406256.71730545437,0.018958525004563853,nan
5,gridBO,5,0.1,nan,1,28386.226679399224,8426.964896064892,0.0,0.0,0.2378125649993308,nan
5,gridBO,5,0.1,nan,2,34195.60269148024,3745.4386868616957,0.0,4681.526209203197,0.019357101002242416,nan
5,gridBO,5,0.1,nan,3,12478.915718845526,6477.7776951241,0.0,7413.865217465602,0.018077018001349643,nan
5,gridBO,5,0.1,nan,4,19453.79451157819,494553.6573072441,0.0,498222.083837848,0.01653235699632205,nan
5,gridBO,5,0.1,nan,5,45166.74518983348,20178.453404124088,0.0,514655.09855511045,0.017232006997801363,nan
5,gridBO,5,0.1,nan,6,29792.91642984442,367921.9880293641,0.0,878831.6478976128,0.015089344000443816,nan
5,gridBO,5,0.1,nan,7,39338.22460856136,9974.36892444409,0.0,885060.5781351952,0.016677156992955133,nan
5,gridBO,5,0.1,nan,8,95127.43286456386,262472.31352992414,0.0,1143787.4529782578,0.016757942008553073,nan
5,gridBO,5,0.1,nan,9,126256.2240007277,46702.94246727608,0.0,1186744.956758672,0.017561303975526243,nan
5,gridBO,5,0.1,nan,10,56104.3618013012,139419.19053991447,0.0,1322418.7086117247,0.01892692397814244,nan
5,gridBO,6,0.1,nan,1,17745.01799638405,17336.252451204095,0.0,0.0,0.2366370889940299,nan
5,gridBO,6,0.1,nan,2,11702.430957440043,14745.111098405696,0.0,2591.1413527984005,0.019348061992786825,nan
5,gridBO,6,0.1,nan,3,7552.260816458124,220.68724631610002,0.0,31639.989056977593,0.017961784993531182,nan
5,gridBO,6,0.1,nan,4,4571.248541197351,86.38930596409998,0.0,32042.882878033597,0.016391987999668345,nan
5,gridBO,6,0.1,nan,5,23361.287465393874,57.828036564099996,0.0,32157.127955633594,0.017056854005204514,nan
5,gridBO,6,0.1,nan,6,10453.744962328865,37.3230134841,0.0,32259.653071033594,0.014931743004126474,nan
5,gridBO,6,0.1,nan,7,11947.188081076814,86361.00550340407,0.0,118583.33556095356,0.016650469013256952,nan
5,gridBO,6,0.1,nan,8,20224.395630137384,188929.09635924417,0.0,307475.10890671366,0.01663768498110585,nan
5,gridBO,6,0.1,nan,9,6440.199620523272,2448.3057340600967,0.0,309886.09162728966,0.01759114398737438,nan
5,gridBO,6,0.1,nan,10,16679.160729278767,12566.028638716098,0.0,322414.7972525217,0.019099964993074536,nan
5,gridBO,7,0.1,nan,1,13135.606503123014,2591.293654189697,0.0,0.0,0.23684134701034054,nan
5,gridBO,7,0.1,nan,2,16049.005655966135,9724.242028956092,0.0,7132.948374766396,0.01933566201478243,nan
5,gridBO,7,0.1,nan,3,13436.971741959705,133513.86985520407,0.0,138055.5245757808,0.01842101800139062,nan
5,gridBO,7,0.1,nan,4,14981.43826290577,38855.49025031768,0.0,174319.72117190875,0.01611905900062993,nan
5,gridBO,7,0.1,nan,5,13893.414843606208,99523.96982792889,0.0,271252.3973456479,0.017096647003199905,nan
5,gridBO,7,0.1,nan,6,14644.36974430851,13568.321482248892,0.0,282229.42517370713,0.014941487985197455,nan
5,gridBO,7,0.1,nan,7,27493.958763432507,136.31658652409993,0.0,296959.2875797007,0.016146067006047815,nan
5,gridBO,7,0.1,nan,8,16693.251837301417,5703.705821260097,0.0,302526.6768144367,0.016546949016628787,nan
5,gridBO,7,0.1,nan,9,22302.62409204631,17173.696407245694,0.0,319564.0566351583,0.018250697990879416,nan
5,gridBO,7,0.1,nan,10,11907.464462667338,1821.2802160217002,0.0,321249.0202646559,0.019050379982218146,nan
5,gridBO,8,0.1,nan,1,17839.561209696556,110439.1205502201,0.0,0.0,0.2281508229789324,nan
5,gridBO,8,0.1,nan,2,17256.283486460914,1128.2165646680992,0.0,109310.903985552,0.019344686006661505,nan
5,gridBO,8,0.1,nan,3,8738.89173113709,4347.222716124099,0.0,112529.910137008,0.018077432992868125,nan
5,gridBO,8,0.1,nan,4,9410.801993971452,5329.628022767297,0.0,116731.3215951072,0.016607331985142082,nan
5,gridBO,8,0.1,nan,5,17652.3996478045,116.80652806009975,0.0,120776.9617415392,0.01720267898053862,nan
5,gridBO,8,0.1,nan,6,9282.715294681931,8361.469057660093,0.0,129021.6242711392,0.015002160012954846,nan
5,gridBO,8,0.1,nan,7,3819.3348752028846,117298.64646311617,0.0,246203.46420619526,0.016664116992615163,nan
5,gridBO,8,0.1,nan,8,7582.4041889352975,43588.19704599606,0.0,289674.8547241312,0.016593845008173957,nan
5,gridBO,8,0.1,nan,9,6880.479602206784,375790.18121826794,0.0,665348.229414339,0.01757823198568076,nan
5,gridBO,8,0.1,nan,10,59832.25052971481,802.4961109241,0.0,666033.9189972029,0.018950460013002157,nan
5,gridBO,9,0.1,nan,1,46576.163898596766,25255.49005460408,0.0,0.0,0.2246455799904652,nan
5,gridBO,9,0.1,nan,2,37531.639436768695,53.8081476841,0.0,25201.68190691998,0.019173053005943075,nan
5,gridBO,9,0.1,nan,3,26509.17500275214,224136.23299764414,0.0,249284.10675688004,0.018229882000014186,nan
5,gridBO,9,0.1,nan,4,17778.587264220438,366656.7626055241,0.0,615887.0612147201,0.016131666983710602,nan
5,gridBO,9,0.1,nan,5,35338.19625326178,60467.14759048408,0.0,676300.4006575202,0.01709269400453195,nan
5,gridBO,9,0.1,nan,6,64523.27153839949,124.92212578810002,0.0,676371.514635624,0.015004735992988572,nan
5,gridBO,9,0.1,nan,7,44159.23446085204,97056.24826180405,0.0,773373.9547497439,0.01675387701834552,nan
5,gridBO,9,0.1,nan,8,43569.62494540727,958.4834762040996,0.0,774278.6300782639,0.01663987699430436,nan
5,gridBO,9,0.1,nan,9,55272.28563575836,51218.842444924056,0.0,825443.6643755039,0.017587576003279537,nan
5,gridBO,9,0.1,nan,10,27083.806124663315,13135.004711484093,0.0,838524.8609393039,0.018976700986968353,nan
5,exactBO,0,0.1,10.0,1,7605.745511880559,73.83891941204601,0.0,0.0,0.024614593014121056,nan
5,exactBO,0,0.1,10.0,2,8095.634123339731,582.0647996728217,0.0,508.2258802607757,0.01711302698822692,nan
5,exactBO,0,0.1,10.0,3,7128.694542733985,33214.841231222585,0.0,33649.228192071314,0.023343891953118145,nan
5,exactBO,0,0.1,10.0,4,7344.618474183694,459.13361972047176,0.0,34034.52289237974,0.018728291033767164,nan
5,exactBO,0,0.1,10.0,5,8998.72375161974,603.5810861009816,0.0,34564.265059068675,0.01984708698000759,nan
5,exactBO,0,0.1,10.0,6,43821.76809297607,54524.96100186078,0.0,89015.3871415174,349.8957089529722,nan
5,exactBO,0,0.1,10.0,7,8098.795883927431,199.19323832654715,0.0,89140.74146043192,352.9612359830062,nan
5,exactBO,0,0.1,10.0,8,21564.62792011388,63.55491370694142,0.0,89212.72950036766,231.0194476909819,nan
5,exactBO,0,0.1,10.0,9,7264.02361815676,179.26947554045202,0.0,89328.44406220116,362.40682750195265,nan
5,exactBO,0,0.1,10.0,10,6788.509548438825,642.1711991604047,0.0,89907.06034765464,379.25423685403075,nan
5,exactBO,1,0.1,10.0,1,88031.44964645997,63707.49719759514,0.0,0.0,3.5255039460025728,nan
5,exactBO,1,0.1,10.0,2,36576.27660814309,23.06257117854888,0.0,63684.43462641659,0.01430637197336182,nan
5,exactBO,1,0.1,10.0,3,81721.38142071202,56.41320620718088,0.0,63717.78526144522,6.962335203017574,nan
5,exactBO,1,0.1,10.0,4,8316.181303741243,7578.114816847039,0.0,71272.83750711371,0.02163447003113106,nan
5,exactBO,1,0.1,10.0,5,9477.491831256328,303.8917742377221,0.0,71553.6667101729,0.019581627973821014,nan
5,exactBO,1,0.1,10.0,6,10338.813528237957,2640.8695742048976,0.0,74171.47371319924,15.668654730019625,nan
5,exactBO,1,0.1,10.0,7,46307.48429682287,59.14018999805324,0.0,74207.55133201876,121.17685718799476,nan
5,exactBO,1,0.1,10.0,8,60877.30854826006,272460.68254851474,0.0,346645.17130935495,126.85010100901127,nan
5,exactBO,1,0.1,10.0,9,32519.241500394317,47.33802356155873,0.0,346669.446761738,0.08383378898724914,nan
5,exactBO,1,0.1,10.0,10,27067.76278800737,1061.3434964294654,0.0,347707.72768698883,0.15613429195946082,nan
5,exactBO,2,0.1,10.0,1,54526.02607070076,9.82101868994758,0.0,0.0,0.03570764197502285,nan
5,exactBO,2,0.1,10.0,2,26853.279680801654,180.07296295334413,0.0,170.25194426339655,0.14579438499640673,nan
5,exactBO,2,0.1,10.0,3,35919.172995369874,387794.21847955784,0.0,387954.6494051313,0.16869998403126374,nan
5,exactBO,2,0.1,10.0,4,77246.59655314624,42.51368104232899,0.0,387987.3420674837,0.026956075977068394,nan
5,exactBO,2,0.1,10.0,5,89134.66825439005,3981.115103648149,0.0,391958.6361524419,85.89037864201237,nan
5,exactBO,2,0.1,10.0,6,53036.387086818475,57908.41786507276,0.0,449857.23299882474,27.37306036701193,nan
5,exactBO,2,0.1,10.0,7,53879.56608924901,80202.58821522981,0.0,530050.0001953647,31.19879791501444,nan
5,exactBO,2,0.1,10.0,8,123054.97142550097,508513.84389177355,0.0,1038554.0230684483,0.5308006730047055,nan
5,exactBO,2,0.1,10.0,9,87776.39235908224,388.4198697966519,0.0,1038932.621919555,165.97464196803048,nan
5,exactBO,2,0.1,10.0,10,135287.52912868152,4455.434767691867,0.0,1043378.2356685569,197.99777781503508,nan
5,exactBO,3,0.1,10.0,1,21996.776833284326,103.16668621366931,0.0,0.0,5.4461318800458685,nan
5,exactBO,3,0.1,10.0,2,4222.915210324967,29160.21402406112,0.0,29057.04733784745,162.09172542096348,nan
5,exactBO,3,0.1,10.0,3,40972.5348932632,264.4652662669895,0.0,29218.34591790077,5.920376310998108,nan
5,exactBO,3,0.1,10.0,4,28878.516490955448,36076.13837629557,0.0,65191.317607982666,0.5966309829964302,nan
5,exactBO,3,0.1,10.0,5,18485.112750746986,39.21766522812989,0.0,65447.11369192483,2.8545144469826482,nan
5,exactBO,3,0.1,10.0,6,4708.14422874609,70763.09535338749,0.0,136170.9913800842,159.28586523403646,nan
5,exactBO,3,0.1,10.0,7,9662.651147064307,486.6775782836586,0.0,136618.45129313972,3.4298611669801176,nan
5,exactBO,3,0.1,10.0,8,5790.128849698681,488824.2700395384,0.0,625403.5036674499,184.12137039203662,nan
5,exactBO,3,0.1,10.0,9,15812.302322280148,104.802219856254,0.0,625469.0882220782,264.81424614897696,nan
5,exactBO,3,0.1,10.0,10,78283.10337819441,26.764099425463595,0.0,625581.1703143022,192.3015127700055,nan
5,exactBO,4,0.1,10.0,1,44759.68985951811,777.4465176514778,0.0,0.0,0.032491352991200984,nan
5,exactBO,4,0.1,10.0,2,14687.010084218446,48848.50653039233,0.0,48071.060012740854,80.79219995602034,nan
5,exactBO,4,0.1,10.0,3,39322.271273773695,463.79558233034794,0.0,48698.36188338311,0.02203711698530242,nan
5,exactBO,4,0.1,10.0,4,24481.385889140853,1506.1585005202153,0.0,49740.724801572986,0.02241881500231102,nan
5,exactBO,4,0.1,10.0,5,33418.50360576078,20742.02593790617,0.0,70018.9551571488,13.657557789003477,nan
5,exactBO,4,0.1,10.0,6,23248.392960020225,782.6688365258395,0.0,70337.8284113443,2.252926718967501,nan
5,exactBO,4,0.1,10.0,7,29106.025438331104,56376.078955998106,0.0,126250.11178501206,25.424264636996668,nan
5,exactBO,4,0.1,10.0,8,19272.677822403024,45764.953515409165,0.0,171551.26971809086,0.32816384796751663,nan
5,exactBO,4,0.1,10.0,9,46461.50722618861,262186.6231100699,0.0,433274.09724583046,14.997477838012855,nan
5,exactBO,4,0.1,10.0,10,65324.39916325236,14693.006071574953,0.0,447503.307735075,7.777241019997746,nan
5,exactBO,5,0.1,10.0,1,28787.86857371744,124.38295857427069,0.0,0.0,0.026633728994056582,nan
5,exactBO,5,0.1,10.0,2,21054.260217105544,11435.252074408978,0.0,11310.869115834708,0.014518045005388558,nan
5,exactBO,5,0.1,10.0,3,13246.470962818272,17986.43690381053,0.0,29172.923061070967,0.08728542400058359,nan
5,exactBO,5,0.1,10.0,4,19768.950194105862,915.6043949453915,0.0,29964.14449744209,0.10944908595411107,nan
5,exactBO,5,0.1,10.0,5,13860.801155864876,984.973445370719,0.0,30824.734984238537,0.11686986999120563,nan
5,exactBO,5,0.1,10.0,6,16975.938745667252,12783.855047107265,0.0,43484.20707277153,10.205749216023833,nan
5,exactBO,5,0.1,10.0,7,12403.729024612343,157979.3978048894,0.0,201339.22191908665,16.192313017032575,nan
5,exactBO,5,0.1,10.0,8,32276.646952287338,15.095353221509114,0.0,202104.23515655598,0.036611483024898916,nan
5,exactBO,5,0.1,10.0,9,23002.617377151073,9.15231183433434,0.0,202151.77948765337,4.597960715007503,nan
5,exactBO,5,0.1,10.0,10,22967.99963773154,1755.0694214229256,0.0,203897.69659724197,34.30820169200888,nan
5,exactBO,6,0.1,10.0,1,17762.206448613706,84.59625188426733,0.0,0.0,0.017229960998520255,nan
5,exactBO,6,0.1,10.0,2,11314.415799400722,16077.628967438184,0.0,15993.032715553918,0.022188237984664738,nan
5,exactBO,6,0.1,10.0,3,4237.810928396874,11.75293328828086,0.0,16138.71935274589,0.020420855027623475,nan
5,exactBO,6,0.1,10.0,4,12027.316379076046,8090.4882628659125,0.0,24217.45468232352,12.09751111100195,nan
5,exactBO,6,0.1,10.0,5,4466.6999844633665,94.69762543808454,0.0,24300.399374473323,14.774711699981708,nan
5,exactBO,6,0.1,10.0,6,37809.563171925736,113723.64053112679,0.0,138012.28697231185,157.1359989560442,nan
5,exactBO,6,0.1,10.0,7,23824.11739240429,6143.923435111096,0.0,144144.45747413466,164.32636151299812,nan
5,exactBO,6,0.1,10.0,8,15402.84725458837,1434.9474328098504,0.0,145567.65197365623,235.1858858600026,nan
5,exactBO,6,0.1,10.0,9,19889.36811911906,25754.936258790567,0.0,171310.83529915853,52.43347478698706,nan
5,exactBO,6,0.1,10.0,10,24268.356365857453,597.5884883661641,0.0,171896.6708542364,10.290996163967066,nan
5,exactBO,7,0.1,10.0,1,13135.033622287689,480.9889321790695,0.0,0.0,0.02181528997607529,nan
5,exactBO,7,0.1,10.0,2,15903.900027510092,514.1871451700073,0.0,33.198212990937805,0.014276255969889462,nan
5,exactBO,7,0.1,10.0,3,47545.83023666935,31783.886094515838,0.0,31336.095375327703,0.13190961704822257,nan
5,exactBO,7,0.1,10.0,4,10910.740699470165,5919.376968372336,0.0,36774.483411520974,0.02522269997280091,nan
5,exactBO,7,0.1,10.0,5,54117.68756555214,125522.40451741777,0.0,161815.89899675967,0.1060412009828724,nan
5,exactBO,7,0.1,10.0,6,24490.798074806193,6.497923222232111,0.0,164188.35404154388,0.027634809957817197,nan
5,exactBO,7,0.1,10.0,7,14234.063979032839,162.9453976999992,0.0,164344.80151602163,0.025895920989569277,nan
5,exactBO,7,0.1,10.0,8,15011.2738359631,605.8990463806699,0.0,164944.2026391801,0.060588273976463825,nan
5,exactBO,7,0.1,10.0,9,33573.46607967928,266532.297485376,0.0,431470.0022013338,0.04154922399902716,nan
5,exactBO,7,0.1,10.0,10,61348.18835244817,104670.4769818731,0.0,536133.9812599847,2.5409984459984116,nan
5,exactBO,8,0.1,10.0,1,21722.82020856611,83.4593738028468,0.0,0.0,0.029878933972213417,nan
5,exactBO,8,0.1,10.0,2,11547.919376463355,141234.26359108387,0.0,141150.80421728102,0.022913839027751237,nan
5,exactBO,8,0.1,10.0,3,30547.01911559704,1180.0717899896847,0.0,142247.41663346786,0.7513917399919592,nan
5,exactBO,8,0.1,10.0,4,16160.165964652104,7890.892374704159,0.0,150054.84963436917,0.19967445696238428,nan
5,exactBO,8,0.1,10.0,5,22680.553326107784,20901.709773670802,0.0,170873.1000342371,8.656435244018212,nan
5,exactBO,8,0.1,10.0,6,12660.351424601411,796.6967397253865,0.0,171586.33740015965,0.4007772990153171,nan
5,exactBO,8,0.1,10.0,7,39140.67658576801,30.32341466204622,0.0,171905.15315500446,7.643589948012959,nan
5,exactBO,8,0.1,10.0,8,13377.892301884678,29437.137938958578,0.0,201311.967679301,143.66666602704208,nan
5,exactBO,8,0.1,10.0,9,20641.74085139139,325602.8662215134,0.0,526884.5104861523,9.593921722960658,nan
5,exactBO,8,0.1,10.0,10,17681.21320904888,288.51992214718234,0.0,527142.7069936374,99.19700927700615,nan
5,exactBO,9,0.1,10.0,1,45815.022014681395,45.76362759787984,0.0,0.0,0.01470218802569434,nan
5,exactBO,9,0.1,10.0,2,44548.76354949936,103.61258645594002,0.0,57.848958858060186,0.011779516993556172,nan
5,exactBO,9,0.1,10.0,3,55133.11410109077,15.875018889453878,0.0,117.62617627491211,0.012247695005498827,nan
5,exactBO,9,0.1,10.0,4,37268.4376181621,73976.65062577494,0.0,74078.4017831604,0.018806017003953457,nan
5,exactBO,9,0.1,10.0,5,7942.279955181669,96110.10903942048,0.0,170172.63580369143,258.8044440809754,nan
5,exactBO,9,0.1,10.0,6,106065.83730859683,1199.7793087743123,0.0,171356.54009357627,246.24755737697706,nan
5,exactBO,9,0.1,10.0,7,45321.84506437941,134.46063582895846,0.0,171475.12571051577,0.04032510600518435,nan
5,exactBO,9,0.1,10.0,8,26853.25436076858,757.629845127249,0.0,172216.88053675357,140.44038711802568,nan
5,exactBO,9,0.1,10.0,9,35342.451701271195,523243.9680347474,0.0,695444.9735526115,159.8424657600117,nan
5,exactBO,9,0.1,10.0,10,103516.78398200998,58861.898641325475,0.0,754290.9971750476,0.024222113948781043,nan
5,exactBO,0,0.1,1.0,1,8665.354837345323,188332.61894381625,0.0,0.0,1.126766,nan
5,exactBO,0,0.1,1.0,2,16044.363955806608,99194.39081350256,0.0,89138.22813031371,1.573164,nan
5,exactBO,0,0.1,1.0,3,12819.4729977575,912.9556784700161,0.0,285701.0984003788,0.531627,nan
5,exactBO,0,0.1,1.0,4,12297.812114979915,374.4061332469713,0.0,287316.7470360479,2.238823,nan
5,exactBO,0,0.1,1.0,5,20686.478019349357,459942.6455506019,0.0,746884.9864534028,11.062531,nan
5,exactBO,0,0.1,1.0,6,46196.4956591913,101177.23069328717,0.0,847687.811013443,8.534601,nan
5,exactBO,0,0.1,1.0,7,30796.5346389811,921.7631803779898,0.0,848235.1680605741,3.817135,nan
5,exactBO,0,0.1,1.0,8,23295.471536699242,100237.98225571976,0.0,948098.7441830469,13.626233,nan
5,exactBO,0,0.1,1.0,9,26289.409199353748,30.880075133831696,0.0,950846.952647952,16.703814,nan
5,exactBO,0,0.1,1.0,10,23542.33007578143,3122.890410129773,0.0,953938.9629829479,20.096122,nan
5,exactBO,1,0.1,1.0,1,88150.54168528691,62644.79728508485,0.0,0.0,3.278813,nan
5,exactBO,1,0.1,1.0,2,37064.20323694324,29863.643504837906,0.0,32781.15378024694,2.563926,nan
5,exactBO,1,0.1,1.0,3,51299.074529868456,195.70474232782746,0.0,92117.0313052671,2.961793,nan
5,exactBO,1,0.1,1.0,4,41291.891911777326,199593.16434314934,0.0,291514.4909060886,3.816852,nan
5,exactBO,1,0.1,1.0,5,29053.465755854904,25.08799745928815,0.0,292196.9578855628,0.414424,nan
5,exactBO,1,0.1,1.0,6,129832.40380728115,33746.961461906896,0.0,325918.83135001035,5.890762,nan
5,exactBO,1,0.1,1.0,7,18789.018990708515,6131.458944561745,0.0,332025.2022971128,7.77991,nan
5,exactBO,1,0.1,1.0,8,31576.79185788845,20459.34485208614,0.0,352459.45915173966,9.294106,nan
5,exactBO,1,0.1,1.0,9,8336.143642389092,7298.598098713463,0.0,359732.9692529938,15.508566,nan
5,exactBO,1,0.1,1.0,10,29439.83281582581,7.053314426391802,0.0,359895.2814002899,7.839642,nan
5,exactBO,2,0.1,1.0,1,55677.296169313726,53224.21946823468,0.0,0.0,2.354553,nan
5,exactBO,2,0.1,1.0,2,118234.67040015146,48.737211485408785,0.0,53175.482256749274,3.485166,nan
5,exactBO,2,0.1,1.0,3,50606.40993754042,355830.44619267125,0.0,408957.1912379351,2.982967,nan
5,exactBO,2,0.1,1.0,4,38670.29367864588,13600.145805615617,0.0,422508.59983206535,3.691926,nan
5,exactBO,2,0.1,1.0,5,84081.59338146004,12.745952738130994,0.0,422652.56486705446,4.079196,nan
5,exactBO,2,0.1,1.0,6,34461.75190645661,468862.41076552036,0.0,891502.2296798367,4.316792,nan
5,exactBO,2,0.1,1.0,7,36244.11696131728,449202.19243303087,0.0,1340691.6761601295,6.921561,nan
5,exactBO,2,0.1,1.0,8,123261.796465828,107654.80417420012,0.0,1448333.7343815914,7.742575,nan
5,exactBO,2,0.1,1.0,9,55992.91715502694,26860.779511785928,0.0,1475181.767940639,7.670785,nan
5,exactBO,2,0.1,1.0,10,43191.27366972617,30.195068626671716,0.0,1475199.2170565277,10.569539,nan
5,exactBO,3,0.1,1.0,1,22179.538519136673,112.71267244047918,0.0,0.0,2.290118,nan
5,exactBO,3,0.1,1.0,2,4916.928791623236,1019.77899950629,0.0,907.0663270658108,3.260813,nan
5,exactBO,3,0.1,1.0,3,5630.746923301259,158.6298080605887,0.0,952.9834626859204,6.566232,nan
5,exactBO,3,0.1,1.0,4,2276.102323427014,22407.144425487684,0.0,23247.415215733126,5.339484,nan
5,exactBO,3,0.1,1.0,5,8935.132847762789,134.6927430646932,0.0,23269.39528635734,7.804191,nan
5,exactBO,3,0.1,1.0,6,20082.275455100626,17797.68847723887,0.0,40954.37109115573,12.519206,nan
5,exactBO,3,0.1,1.0,7,16517.341535635773,98.21502593138388,0.0,41041.356970210305,6.814349,nan
5,exactBO,3,0.1,1.0,8,20080.82947552037,34711.13781526963,0.0,75654.27975954855,11.864847,nan
5,exactBO,3,0.1,1.0,9,15720.431251530681,8987.504510572327,0.0,84543.5692441895,13.284264,nan
5,exactBO,3,0.1,1.0,10,18635.430881913224,13973.484466803371,0.0,98418.83868506148,10.8971,nan
5,exactBO,4,0.1,1.0,1,44785.80157493147,965.7208749636121,0.0,0.0,2.821731,nan
5,exactBO,4,0.1,1.0,2,14718.480698997215,652.6204692339261,0.0,313.1004057296859,4.306079,nan
5,exactBO,4,0.1,1.0,3,11936.735805755145,608.0157774950471,0.0,402.3097892074438,3.755856,nan
5,exactBO,4,0.1,1.0,4,9992.645415043038,6074.257540238327,0.0,5868.551551950724,5.484595,nan
5,exactBO,4,0.1,1.0,5,15930.37684961297,208070.64456690903,0.0,213331.1803413647,6.204157,nan
5,exactBO,4,0.1,1.0,6,21560.959869091774,16.68040990569924,0.0,216287.85717931145,10.658728,nan
5,exactBO,4,0.1,1.0,7,29249.7176958891,316719.43813213584,0.0,532990.6149015416,7.08641,nan
5,exactBO,4,0.1,1.0,8,55686.83988831952,102873.61178379614,0.0,635847.546275432,8.527675,nan
5,exactBO,4,0.1,1.0,9,41565.82711159494,247.0053198952241,0.0,636077.8711854216,7.662924,nan
5,exactBO,4,0.1,1.0,10,36111.896845258445,6410.9121322889005,0.0,642472.1029078048,9.628942,nan
5,exactBO,5,0.1,1.0,1,28593.70826072957,14903.951150010007,0.0,0.0,2.421908,nan
5,exactBO,5,0.1,1.0,2,33209.31759292423,43667.91605927433,0.0,28763.96490926432,2.735899,nan
5,exactBO,5,0.1,1.0,3,29135.490126209093,1289.5643085063318,0.0,55992.73859227167,2.868391,nan
5,exactBO,5,0.1,1.0,4,17761.78530715141,483875.74709543015,0.0,538578.9213791955,3.577614,nan
5,exactBO,5,0.1,1.0,5,43181.727369954846,242.67987970658797,0.0,542766.4590943945,3.201934,nan
5,exactBO,5,0.1,1.0,6,38848.539481959735,180.80113022652017,0.0,543075.8528417947,4.292196,nan
5,exactBO,5,0.1,1.0,7,62874.12510740243,35.609745410380604,0.0,543947.0011506915,4.741122,nan
5,exactBO,5,0.1,1.0,8,25396.267074876905,488.6696597422123,0.0,544400.0610650233,6.533684,nan
5,exactBO,5,0.1,1.0,9,78867.9882195095,361329.966731201,0.0,905694.418050814,8.982424,nan
5,exactBO,5,0.1,1.0,10,82926.79720412006,6918.0400575146205,0.0,912576.8483629182,9.14976,nan
5,exactBO,6,0.1,1.0,1,17774.844803792697,11847.89982874816,0.0,0.0,1.993667,nan
5,exactBO,6,0.1,1.0,2,10885.849910155028,4725.858970643514,0.0,7122.040858104647,2.406226,nan
5,exactBO,6,0.1,1.0,3,5415.511078945379,972.1308823658359,0.0,14629.497034660004,3.545998,nan
5,exactBO,6,0.1,1.0,4,12994.82890504824,23973.744777065338,0.0,37631.11092935951,4.723769,nan
5,exactBO,6,0.1,1.0,5,5701.220173526481,1353.8387030888766,0.0,38012.81875008255,5.964727,nan
5,exactBO,6,0.1,1.0,6,18313.811569741752,50.49689164145407,0.0,42620.988703704454,6.140668,nan
5,exactBO,6,0.1,1.0,7,10814.371039474037,4185.196394222847,0.0,46755.68820628585,8.41741,nan
5,exactBO,6,0.1,1.0,8,11261.499351782864,50383.15447539709,0.0,97088.34579004148,9.611434,nan
5,exactBO,6,0.1,1.0,9,1625.837414737708,1728.5408704278218,0.0,98766.38976882785,10.246093,nan
5,exactBO,6,0.1,1.0,10,28134.84783502419,386.74185605321514,0.0,99102.63473323961,14.913555,nan
5,exactBO,7,0.1,1.0,1,13123.74454246406,518.5639779734031,0.0,0.0,1.281643,nan
5,exactBO,7,0.1,1.0,2,12628.416768514879,249.68651866248717,0.0,268.8774593109159,1.527268,nan
5,exactBO,7,0.1,1.0,3,62384.797374468115,51736.47871178565,0.0,51755.66965243407,3.463297,nan
5,exactBO,7,0.1,1.0,4,13208.823910148001,10537.921008588635,0.0,62043.904142360225,2.913195,nan
5,exactBO,7,0.1,1.0,5,10928.905349340606,158423.39583038224,0.0,220217.61345407998,3.688261,nan
5,exactBO,7,0.1,1.0,6,18939.932507142705,16.40328065787436,0.0,221384.02964410302,3.601491,nan
5,exactBO,7,0.1,1.0,7,30156.313881564896,4911.455723314524,0.0,226279.08208675968,5.156265,nan
5,exactBO,7,0.1,1.0,8,13416.34096075387,1040.714446277977,0.0,227303.39325237976,4.465916,nan
5,exactBO,7,0.1,1.0,9,11553.730085871015,10800.516809463328,0.0,238087.50678118522,5.880079,nan
5,exactBO,7,0.1,1.0,10,8481.021440179342,2993.527683069654,0.0,241064.63118359703,7.423723,nan
5,exactBO,8,0.1,1.0,1,21723.971550313472,53.5139277065034,0.0,0.0,2.123348,nan
5,exactBO,8,0.1,1.0,2,10955.06608715448,140218.20448425785,0.0,140164.69055655136,1.636898,nan
5,exactBO,8,0.1,1.0,3,45217.0853028399,21.9554253393871,0.0,140227.8075612856,2.148506,nan
5,exactBO,8,0.1,1.0,4,34937.89813571196,11176.775230787938,0.0,151382.62736673412,2.6729,nan
5,exactBO,8,0.1,1.0,5,34584.767462776595,325.74396805259835,0.0,151686.41590944733,3.514405,nan
5,exactBO,8,0.1,1.0,6,30634.6035875165,12786.972008724506,0.0,164451.43249283242,5.432342,nan
5,exactBO,8,0.1,1.0,7,9322.29892357804,5878.36966770113,0.0,170307.84673519418,4.797311,nan
5,exactBO,8,0.1,1.0,8,16546.10779333088,1014.7994622606113,0.0,171300.6907721154,6.531464,nan
5,exactBO,8,0.1,1.0,9,10563.07204714297,434.1040304043917,0.0,171712.8393771804,7.7933,nan
5,exactBO,8,0.1,1.0,10,5930.5175734719705,30.596204940899007,0.0,171721.4801567819,11.398332,nan
5,exactBO,9,0.1,1.0,1,46993.00641543816,1498.0917764805297,0.0,0.0,2.812425,nan
5,exactBO,9,0.1,1.0,2,41011.666604950886,37.59316098359732,0.0,1460.4986154969324,1.817144,nan
5,exactBO,9,0.1,1.0,3,9672.696235519601,157.3869192495552,0.0,1580.29237376289,6.541359,nan
5,exactBO,9,0.1,1.0,4,34216.20832260838,358704.88593235356,0.0,360247.58514513285,4.822996,nan
5,exactBO,9,0.1,1.0,5,12567.019248291896,615.8530128000814,0.0,360825.84499694937,6.273949,nan
5,exactBO,9,0.1,1.0,6,64776.783407400355,89.81801914764327,0.0,360878.0698551134,4.331163,nan
5,exactBO,9,0.1,1.0,7,15955.284873291386,76466.64505195513,0.0,437307.12174608494,9.142956,nan
5,exactBO,9,0.1,1.0,8,67478.90314966299,1174.1305700288758,0.0,438443.6591551302,6.375707,nan
5,exactBO,9,0.1,1.0,9,120178.96742871084,6960.058353085575,0.0,445366.1243472322,10.610315,nan
5,exactBO,9,0.1,1.0,10,70324.38352923363,12989.8499770903,0.0,458318.3811633389,12.054042,nan
10,exactBO,0,0.1,1.0,1,26.82586401336184,26.38368461826938,3.363385360111855,0.0,92.711867,nan
10,exactBO,0,0.1,1.0,2,18.552400652979916,15.019591681569194,3.363385360111855,11.364092936700189,72.527584,nan
10,exactBO,0,0.1,1.0,3,17.172303900735418,23.486993037727945,3.363385360111855,19.83149429285894,101.679933,nan
10,exactBO,0,0.1,1.0,4,17.444612934085697,35.990120814911656,3.363385360111855,40.8020234262014,111.068984,nan
10,exactBO,0,0.1,1.0,5,5.619944481233504,76.27138246231308,3.363385360111855,102.05381420694528,131.19157,nan
10,exactBO,0,0.1,1.0,6,20.242900864131542,10.116282235331312,3.363385360111855,126.57036143813468,139.108439,nan
10,exactBO,0,0.1,1.0,7,28.804258209616147,19.473275368549963,3.363385360111855,135.92735457135333,156.538023,nan
10,exactBO,0,0.1,1.0,8,14.084648295701259,15.25776427464906,3.363385360111855,141.0688366106711,168.098895,nan
10,exactBO,0,0.1,1.0,9,13.958669066609858,67.13392934064576,3.363385360111855,198.08648371598554,192.749856,nan
10,exactBO,0,0.1,1.0,10,9.213706078548459,7.3317126292745005,3.363385360111855,223.14761017049685,197.625328,nan
10,exactBO,1,0.1,1.0,1,41.88560754715226,64.68019358078865,3.363385360111855,0.0,101.621562,nan
10,exactBO,1,0.1,1.0,2,17.616437382107556,9.696992490247782,3.363385360111855,54.98320109054087,94.430297,nan
10,exactBO,1,0.1,1.0,3,9.308999711643905,42.631164769060646,3.363385360111855,87.91737336935374,110.75814,nan
10,exactBO,1,0.1,1.0,4,3.913636389476368,14.171400228473995,3.363385360111855,92.39178110757994,96.267178,nan
10,exactBO,1,0.1,1.0,5,10.44540366323496,12.187934450206571,3.363385360111855,94.88272306753873,140.162238,nan
10,exactBO,1,0.1,1.0,6,15.759614376603016,9.874375183843384,3.363385360111855,95.06010576113434,156.323182,nan
10,exactBO,1,0.1,1.0,7,6.377086392891394,14.276526428820564,3.363385360111855,99.63963969970712,170.985818,nan
10,exactBO,1,0.1,1.0,8,8.22766061030982,34.03746608450295,3.363385360111855,123.98011329396229,191.359382,nan
10,exactBO,1,0.1,1.0,9,6.688765631662228,12.697514437847044,3.363385360111855,126.98063524156156,213.040434,nan
10,exactBO,1,0.1,1.0,10,27.958555550608896,29.08230400681329,3.363385360111855,146.36594675812705,241.509223,nan
