label,problem,n0,seed,epsilon_ei,n_gpus,box_sampling,autobound_degree,partition,n_boxes,n_active,n_target,max_acq_hi,incumbent,time_s
ei/autobound/1gpu/job637049,problem10d,32,0,0.1,1,lhs,2,0,1,1,1,134.7662101725363,0.1873846546241366,5.79
ei/autobound/1gpu/job637049,problem10d,32,0,0.1,1,lhs,2,1,21,21,21,134.7647359579007,0.23354370980080424,5.97
ei/autobound/1gpu/job637049,problem10d,32,0,0.1,1,lhs,2,2,441,360,360,134.6732890587741,0.2745970321705468,6.05
ei/autobound/1gpu/job637049,problem10d,32,0,0.1,1,lhs,2,3,7560,4009,3993,73.17342778359678,0.30601726531996587,11.78
ei/autobound/1gpu/job637049,problem10d,32,0,0.1,1,lhs,2,4,83853,32338,31555,67.98725619260735,0.3442874141798992,12.2
ei/autobound/1gpu/job637049,problem10d,32,0,0.1,1,lhs,2,5,662655,186277,186277,35.545579726118,0.3798230870850486,14.52
ei/autobound/1gpu/job637049,problem10d,32,0,0.1,1,lhs,2,6,3911817,892957,831027,11.090689075002086,0.41001768842904585,26.03
ei/autobound/1gpu/job637049,problem10d,32,0,0.1,1,lhs,2,7,17451567,3052540,2770874,9.805425059339438,0.4454270491227155,67.79
ei/autobound/1gpu/job637049,problem10d,32,0,0.1,1,lhs,2,8,58188354,8175366,7213648,7.716878967198786,0.47688350895870485,190.29
logei/autobound/1gpu/job637049,problem10d,32,0,0.1,1,lhs,2,0,1,1,1,4.903541500680296,-1.6745917982075962,6.85
logei/autobound/1gpu/job637049,problem10d,32,0,0.1,1,lhs,2,1,21,21,21,4.903530561568059,-1.4543860253840701,7.08
logei/autobound/1gpu/job637049,problem10d,32,0,0.1,1,lhs,2,2,441,366,366,4.902851764262947,-1.29245059353425,7.17
logei/autobound/1gpu/job637049,problem10d,32,0,0.1,1,lhs,2,3,7686,4124,4124,4.2928323466429505,-1.1841137560071846,13.88
logei/autobound/1gpu/job637049,problem10d,32,0,0.1,1,lhs,2,4,86604,35221,34336,4.219320278680613,-1.0662784641129495,14.44
logei/autobound/1gpu/job637049,problem10d,32,0,0.1,1,lhs,2,5,721056,213280,213280,3.5708158088874384,-0.968049694971055,17.7
logei/autobound/1gpu/job637049,problem10d,32,0,0.1,1,lhs,2,6,4478880,1085429,991664,2.406105934238308,-0.8915549777045272,34.73
logei/autobound/1gpu/job637049,problem10d,32,0,0.1,1,lhs,2,7,20824944,3852736,3377730,2.2829358099926513,-0.808721796046156,97.92
ei/autobound/2gpu/job637049,problem10d,32,0,0.1,2,lhs,2,0,1,1,1,134.7662101725363,0.1873846546241366,6.64
ei/autobound/2gpu/job637049,problem10d,32,0,0.1,2,lhs,2,1,21,21,21,134.7647359579007,0.23354370980080424,6.8
ei/autobound/2gpu/job637049,problem10d,32,0,0.1,2,lhs,2,2,441,360,360,134.6732890587741,0.2745970321705468,6.96
ei/autobound/2gpu/job637049,problem10d,32,0,0.1,2,lhs,2,3,7560,4009,3993,73.17342778359678,0.30601726531996587,13.66
ei/autobound/2gpu/job637049,problem10d,32,0,0.1,2,lhs,2,4,83853,32338,31555,67.98725619260735,0.3442874141798992,16.97
ei/autobound/2gpu/job637049,problem10d,32,0,0.1,2,lhs,2,5,662655,186277,186277,35.545579726118,0.3798230870850486,18.83
ei/autobound/2gpu/job637049,problem10d,32,0,0.1,2,lhs,2,6,3911817,892957,831027,11.090689075002086,0.41001768842904585,27.7
ei/autobound/2gpu/job637049,problem10d,32,0,0.1,2,lhs,2,7,17451567,3052540,2770874,9.805425059339438,0.4454270491227155,58.87
ei/autobound/2gpu/job637049,problem10d,32,0,0.1,2,lhs,2,8,58188354,8175366,7213648,7.716878967198786,0.47688350895870485,145.53
logei/autobound/2gpu/job637049,problem10d,32,0,0.1,2,lhs,2,0,1,1,1,4.903541500680296,-1.6745917982075962,6.57
logei/autobound/2gpu/job637049,problem10d,32,0,0.1,2,lhs,2,1,21,21,21,4.903530561568059,-1.4543860253840701,6.73
logei/autobound/2gpu/job637049,problem10d,32,0,0.1,2,lhs,2,2,441,366,366,4.902851764262947,-1.29245059353425,6.8
logei/autobound/2gpu/job637049,problem10d,32,0,0.1,2,lhs,2,3,7686,4124,4124,4.2928323466429505,-1.1841137560071846,13.48
logei/autobound/2gpu/job637049,problem10d,32,0,0.1,2,lhs,2,4,86604,35221,34336,4.219320278680613,-1.0662784641129495,16.91
logei/autobound/2gpu/job637049,problem10d,32,0,0.1,2,lhs,2,5,721056,213280,213280,3.5708158088874384,-0.968049694971055,19.8
logei/autobound/2gpu/job637049,problem10d,32,0,0.1,2,lhs,2,6,4478880,1085429,991664,2.406105934238308,-0.8915549777045272,34.68
logei/autobound/2gpu/job637049,problem10d,32,0,0.1,2,lhs,2,7,20824944,3852736,3377730,2.2829358099926513,-0.808721796046156,88.26
ei/autobound/1gpu/job637266,problem10d,32,0,0.1,1,lhs,2,0,1,1,1,134.7662101725363,0.1873846546241366,5.01
ei/autobound/1gpu/job637266,problem10d,32,0,0.1,1,lhs,2,1,21,21,21,134.7647359579007,0.23354370980080424,5.2
ei/autobound/1gpu/job637266,problem10d,32,0,0.1,1,lhs,2,2,441,360,360,134.6732890587741,0.2745970321705468,5.27
ei/autobound/1gpu/job637266,problem10d,32,0,0.1,1,lhs,2,3,7560,4009,3993,73.17342778359678,0.30601726531996587,10.04
ei/autobound/1gpu/job637266,problem10d,32,0,0.1,1,lhs,2,4,83853,32338,31555,67.98725619260735,0.3442874141798992,10.44
ei/autobound/1gpu/job637266,problem10d,32,0,0.1,1,lhs,2,5,662655,186277,186277,35.545579726118,0.3798230870850486,12.64
ei/autobound/1gpu/job637266,problem10d,32,0,0.1,1,lhs,2,6,3911817,892957,831027,11.090689075002095,0.41001768842904585,23.58
ei/autobound/1gpu/job637266,problem10d,32,0,0.1,1,lhs,2,7,17451567,3052540,2770874,9.805425059339438,0.4454270491227155,63.25
ei/autobound/1gpu/job637266,problem10d,32,0,0.1,1,lhs,2,8,58188354,8175366,7213648,7.716878967198786,0.47688350895870485,176.18
logei/autobound/1gpu/job637266,problem10d,32,0,0.1,1,lhs,2,0,1,1,1,4.903541500680296,-1.6745917982075962,4.75
logei/autobound/1gpu/job637266,problem10d,32,0,0.1,1,lhs,2,1,21,21,21,4.903530561568059,-1.4543860253840701,4.87
logei/autobound/1gpu/job637266,problem10d,32,0,0.1,1,lhs,2,2,441,366,366,4.902851764262947,-1.29245059353425,4.93
logei/autobound/1gpu/job637266,problem10d,32,0,0.1,1,lhs,2,3,7686,4124,4124,4.2928323466429505,-1.1841137560071846,9.7
logei/autobound/1gpu/job637266,problem10d,32,0,0.1,1,lhs,2,4,86604,35221,34336,4.219320278680613,-1.0662784641129495,10.18
logei/autobound/1gpu/job637266,problem10d,32,0,0.1,1,lhs,2,5,721056,213280,213280,3.5708158088874384,-0.968049694971055,13.11
logei/autobound/1gpu/job637266,problem10d,32,0,0.1,1,lhs,2,6,4478880,1085429,991664,2.406105934238308,-0.8915549777045272,28.03
logei/autobound/1gpu/job637266,problem10d,32,0,0.1,1,lhs,2,7,20824944,3852736,3377730,2.2829358099926513,-0.808721796046156,84.77
ei/autobound/2gpu/job637266,problem10d,32,0,0.1,2,lhs,2,0,1,1,1,134.7662101725363,0.1873846546241366,6.67
ei/autobound/2gpu/job637266,problem10d,32,0,0.1,2,lhs,2,1,21,21,21,134.7647359579007,0.23354370980080424,6.8
ei/autobound/2gpu/job637266,problem10d,32,0,0.1,2,lhs,2,2,441,360,360,134.6732890587741,0.2745970321705468,6.87
ei/autobound/2gpu/job637266,problem10d,32,0,0.1,2,lhs,2,3,7560,4009,3993,73.17342778359678,0.30601726531996587,11.58
ei/autobound/2gpu/job637266,problem10d,32,0,0.1,2,lhs,2,4,83853,32338,31555,67.98725619260735,0.3442874141798992,13.95
ei/autobound/2gpu/job637266,problem10d,32,0,0.1,2,lhs,2,5,662655,186277,186277,35.545579726118,0.3798230870850486,15.08
ei/autobound/2gpu/job637266,problem10d,32,0,0.1,2,lhs,2,6,3911817,892957,831027,11.090689075002086,0.41001768842904585,20.62
ei/autobound/2gpu/job637266,problem10d,32,0,0.1,2,lhs,2,7,17451567,3052540,2770874,9.805425059339438,0.4454270491227155,40.79
ei/autobound/2gpu/job637266,problem10d,32,0,0.1,2,lhs,2,8,58188354,8175366,7213648,7.716878967198786,0.47688350895870485,97.89
logei/autobound/2gpu/job637266,problem10d,32,0,0.1,2,lhs,2,0,1,1,1,4.903541500680296,-1.6745917982075962,4.7
logei/autobound/2gpu/job637266,problem10d,32,0,0.1,2,lhs,2,1,21,21,21,4.903530561568059,-1.4543860253840701,4.83
logei/autobound/2gpu/job637266,problem10d,32,0,0.1,2,lhs,2,2,441,366,366,4.902851764262947,-1.29245059353425,4.89
logei/autobound/2gpu/job637266,problem10d,32,0,0.1,2,lhs,2,3,7686,4124,4124,4.2928323466429505,-1.1841137560071846,9.73
logei/autobound/2gpu/job637266,problem10d,32,0,0.1,2,lhs,2,4,86604,35221,34336,4.219320278680613,-1.0662784641129495,12.24
logei/autobound/2gpu/job637266,problem10d,32,0,0.1,2,lhs,2,5,721056,213280,213280,3.5708158088874384,-0.968049694971055,13.83
logei/autobound/2gpu/job637266,problem10d,32,0,0.1,2,lhs,2,6,4478880,1085429,991664,2.406105934238309,-0.8915549777045272,21.35
logei/autobound/2gpu/job637266,problem10d,32,0,0.1,2,lhs,2,7,20824944,3852736,3377730,2.2829358099926513,-0.808721796046156,49.69
ei/autobound/1gpu,problem10d,32,0,0.1,1,lhs,2,0,1,1,1,134.7662101725363,0.1873846546241366,6.31
ei/autobound/1gpu,problem10d,32,0,0.1,1,lhs,2,1,21,21,21,134.7647359579007,0.23354370980080424,6.56
ei/autobound/1gpu,problem10d,32,0,0.1,1,lhs,2,2,441,360,360,134.6732890587741,0.2745970321705468,6.64
ei/autobound/1gpu,problem10d,32,0,0.1,1,lhs,2,3,7560,4009,3993,73.17342778359678,0.30601726531996587,11.66
ei/autobound/1gpu,problem10d,32,0,0.1,1,lhs,2,4,83853,32338,31555,67.98725619260735,0.3442874141798992,12.06
ei/autobound/1gpu,problem10d,32,0,0.1,1,lhs,2,5,662655,186277,186277,35.545579726118,0.3798230870850486,14.32
ei/autobound/1gpu,problem10d,32,0,0.1,1,lhs,2,6,3911817,892957,831027,11.090689075002086,0.41001768842904585,25.39
ei/autobound/1gpu,problem10d,32,0,0.1,1,lhs,2,7,17451567,3052540,2770874,9.805425059339438,0.4454270491227155,65.53
ei/autobound/1gpu,problem10d,32,0,0.1,1,lhs,2,8,58188354,8175366,7213648,7.716878967198786,0.47688350895870485,179.63
logei/autobound/1gpu,problem10d,32,0,0.1,1,lhs,2,0,1,1,1,4.903541500680296,-1.6745917982075962,6.21
logei/autobound/1gpu,problem10d,32,0,0.1,1,lhs,2,1,21,21,21,4.903530561568059,-1.4543860253840701,6.36
logei/autobound/1gpu,problem10d,32,0,0.1,1,lhs,2,2,441,366,366,4.902851764262947,-1.29245059353425,6.45
logei/autobound/1gpu,problem10d,32,0,0.1,1,lhs,2,3,7686,4124,4124,4.2928323466429505,-1.1841137560071846,11.27
logei/autobound/1gpu,problem10d,32,0,0.1,1,lhs,2,4,86604,35221,34336,4.219320278680613,-1.0662784641129495,11.76
logei/autobound/1gpu,problem10d,32,0,0.1,1,lhs,2,5,721056,213280,213280,3.5708158088874384,-0.968049694971055,14.72
logei/autobound/1gpu,problem10d,32,0,0.1,1,lhs,2,6,4478880,1085429,991664,2.406105934238308,-0.8915549777045272,29.93
logei/autobound/1gpu,problem10d,32,0,0.1,1,lhs,2,7,20824944,3852736,3377730,2.2829358099926513,-0.808721796046156,87.25
ei/autobound/2gpu,problem10d,32,0,0.1,2,lhs,2,0,1,1,1,134.7662101725363,0.1873846546241366,6.03
ei/autobound/2gpu,problem10d,32,0,0.1,2,lhs,2,1,21,21,21,134.7647359579007,0.23354370980080424,6.15
ei/autobound/2gpu,problem10d,32,0,0.1,2,lhs,2,2,441,360,360,134.6732890587741,0.2745970321705468,6.21
ei/autobound/2gpu,problem10d,32,0,0.1,2,lhs,2,3,7560,4009,3993,73.17342778359678,0.30601726531996587,11.04
ei/autobound/2gpu,problem10d,32,0,0.1,2,lhs,2,4,83853,32338,31555,67.98725619260735,0.3442874141798992,13.41
ei/autobound/2gpu,problem10d,32,0,0.1,2,lhs,2,5,662655,186277,186277,35.545579726118,0.3798230870850486,14.56
ei/autobound/2gpu,problem10d,32,0,0.1,2,lhs,2,6,3911817,892957,831027,11.090689075002086,0.41001768842904585,20.15
ei/autobound/2gpu,problem10d,32,0,0.1,2,lhs,2,7,17451567,3052540,2770874,9.805425059339438,0.4454270491227155,40.39
ei/autobound/2gpu,problem10d,32,0,0.1,2,lhs,2,8,58188354,8175366,7213648,7.716878967198786,0.47688350895870485,97.74
logei/autobound/2gpu,problem10d,32,0,0.1,2,lhs,2,0,1,1,1,4.903541500680296,-1.6745917982075962,5.75
logei/autobound/2gpu,problem10d,32,0,0.1,2,lhs,2,1,21,21,21,4.903530561568059,-1.4543860253840701,5.87
logei/autobound/2gpu,problem10d,32,0,0.1,2,lhs,2,2,441,366,366,4.902851764262947,-1.29245059353425,5.94
logei/autobound/2gpu,problem10d,32,0,0.1,2,lhs,2,3,7686,4124,4124,4.2928323466429505,-1.1841137560071846,10.76
logei/autobound/2gpu,problem10d,32,0,0.1,2,lhs,2,4,86604,35221,34336,4.219320278680613,-1.0662784641129495,13.16
logei/autobound/2gpu,problem10d,32,0,0.1,2,lhs,2,5,721056,213280,213280,3.5708158088874384,-0.968049694971055,14.62
logei/autobound/2gpu,problem10d,32,0,0.1,2,lhs,2,6,4478880,1085429,991664,2.406105934238308,-0.8915549777045272,22.3
logei/autobound/2gpu,problem10d,32,0,0.1,2,lhs,2,7,20824944,3852736,3377730,2.2829358099926513,-0.808721796046156,50.51
ei/autobound/4gpu,problem10d,32,0,0.1,4,lhs,2,0,1,1,1,134.7662101725363,0.1873846546241366,5.65
ei/autobound/4gpu,problem10d,32,0,0.1,4,lhs,2,1,21,21,21,134.7647359579007,0.23354370980080424,5.78
ei/autobound/4gpu,problem10d,32,0,0.1,4,lhs,2,2,441,360,360,134.6732890587741,0.2745970321705468,5.85
ei/autobound/4gpu,problem10d,32,0,0.1,4,lhs,2,3,7560,4009,3993,73.17342778359678,0.30601726531996587,10.69
ei/autobound/4gpu,problem10d,32,0,0.1,4,lhs,2,4,83853,32338,31555,67.98725619260735,0.3442874141798992,13.28
ei/autobound/4gpu,problem10d,32,0,0.1,4,lhs,2,5,662655,186277,186277,35.545579726118,0.3798230870850486,14.46
ei/autobound/4gpu,problem10d,32,0,0.1,4,lhs,2,6,3911817,892957,831027,11.090689075002086,0.41001768842904585,20.01
ei/autobound/4gpu,problem10d,32,0,0.1,4,lhs,2,7,17451567,3052540,2770874,9.805425059339438,0.4454270491227155,39.16
ei/autobound/4gpu,problem10d,32,0,0.1,4,lhs,2,8,58188354,8175366,7213648,7.716878967198786,0.47688350895870485,88.91
logei/autobound/4gpu,problem10d,32,0,0.1,4,lhs,2,0,1,1,1,4.903541500680296,-1.6745917982075962,5.78
logei/autobound/4gpu,problem10d,32,0,0.1,4,lhs,2,1,21,21,21,4.903530561568059,-1.4543860253840701,5.92
logei/autobound/4gpu,problem10d,32,0,0.1,4,lhs,2,2,441,366,366,4.902851764262947,-1.29245059353425,6.0
logei/autobound/4gpu,problem10d,32,0,0.1,4,lhs,2,3,7686,4124,4124,4.2928323466429505,-1.1841137560071846,10.82
logei/autobound/4gpu,problem10d,32,0,0.1,4,lhs,2,4,86604,35221,34336,4.219320278680613,-1.0662784641129495,13.52
logei/autobound/4gpu,problem10d,32,0,0.1,4,lhs,2,5,721056,213280,213280,3.5708158088874384,-0.968049694971055,15.25
logei/autobound/4gpu,problem10d,32,0,0.1,4,lhs,2,6,4478880,1085429,991664,2.406105934238308,-0.8915549777045272,24.15
logei/autobound/4gpu,problem10d,32,0,0.1,4,lhs,2,7,20824944,3852736,3377730,2.2829358099926513,-0.808721796046156,55.54
ei/autobound/8gpu,problem10d,32,0,0.1,8,lhs,2,0,1,1,1,134.7662101725363,0.1873846546241366,5.08
ei/autobound/8gpu,problem10d,32,0,0.1,8,lhs,2,1,21,21,21,134.7647359579007,0.23354370980080424,5.22
ei/autobound/8gpu,problem10d,32,0,0.1,8,lhs,2,2,441,360,360,134.6732890587741,0.2745970321705468,5.29
ei/autobound/8gpu,problem10d,32,0,0.1,8,lhs,2,3,7560,4009,3993,73.17342778359678,0.30601726531996587,10.3
ei/autobound/8gpu,problem10d,32,0,0.1,8,lhs,2,4,83853,32338,31555,67.98725619260735,0.3442874141798992,13.04
ei/autobound/8gpu,problem10d,32,0,0.1,8,lhs,2,5,662655,186277,186277,35.545579726118,0.3798230870850486,14.15
ei/autobound/8gpu,problem10d,32,0,0.1,8,lhs,2,6,3911817,892957,831027,11.090689075002086,0.41001768842904585,18.86
ei/autobound/8gpu,problem10d,32,0,0.1,8,lhs,2,7,17451567,3052540,2770874,9.805425059339438,0.4454270491227155,35.34
ei/autobound/8gpu,problem10d,32,0,0.1,8,lhs,2,8,58188354,8175366,7213648,7.716878967198786,0.47688350895870485,79.67
logei/autobound/8gpu,problem10d,32,0,0.1,8,lhs,2,0,1,1,1,4.903541500680296,-1.6745917982075962,5.13
logei/autobound/8gpu,problem10d,32,0,0.1,8,lhs,2,1,21,21,21,4.903530561568059,-1.4543860253840701,5.27
logei/autobound/8gpu,problem10d,32,0,0.1,8,lhs,2,2,441,366,366,4.902851764262947,-1.29245059353425,5.34
logei/autobound/8gpu,problem10d,32,0,0.1,8,lhs,2,3,7686,4124,4124,4.2928323466429505,-1.1841137560071846,10.15
logei/autobound/8gpu,problem10d,32,0,0.1,8,lhs,2,4,86604,35221,34336,4.219320278680613,-1.0662784641129495,12.86
logei/autobound/8gpu,problem10d,32,0,0.1,8,lhs,2,5,721056,213280,213280,3.5708158088874384,-0.968049694971055,14.52
logei/autobound/8gpu,problem10d,32,0,0.1,8,lhs,2,6,4478880,1085429,991664,2.406105934238308,-0.8915549777045272,22.67
logei/autobound/8gpu,problem10d,32,0,0.1,8,lhs,2,7,20824944,3852736,3377730,2.2829358099926513,-0.808721796046156,50.96
