label,problem,n0,seed,epsilon_ei,partition,n_boxes,n_active,n_target,max_acq_hi,incumbent,time_s
ei/interval,problem10d,32,0,0.1,0,1,1,1,134.7662101725363,0.1873846546241366,9.31
ei/interval,problem10d,32,0,0.1,1,21,21,21,134.7647359579007,0.23354370980080424,17.59
ei/interval,problem10d,32,0,0.1,2,441,441,441,134.6732890587741,0.2745970321705468,27.14
ei/interval,problem10d,32,0,0.1,3,9261,9261,9261,106.32842966439704,0.30601726531996587,32.27
ei/interval,problem10d,32,0,0.1,4,194481,194481,194481,104.35949387635115,0.3442874141798992,38.52
ei/interval,problem10d,32,0,0.1,5,4084101,4028405,4028405,89.92954787629562,0.3798230870850486,78.65
logei/interval,problem10d,32,0,0.1,0,1,1,1,4.903541500680296,-1.6745917982075962,0.28
logei/interval,problem10d,32,0,0.1,1,21,21,21,4.903530561568059,-1.4543860253840701,0.4
logei/interval,problem10d,32,0,0.1,2,441,441,441,4.902851764262947,-1.29245059353425,0.47
logei/interval,problem10d,32,0,0.1,3,9261,9261,9261,4.666532697044554,-1.1841137560071846,0.61
logei/interval,problem10d,32,0,0.1,4,194481,194481,194481,4.647841610470941,-1.0662784641129495,2.83
logei/interval,problem10d,32,0,0.1,5,4084101,4037990,4037990,4.4990265624067876,-0.968049694971055,50.3
logei/autobound,problem10d,32,0,0.1,0,1,1,1,4.903541500680296,-1.6745917982075962,5.68
logei/autobound,problem10d,32,0,0.1,1,21,21,21,4.903530561568059,-1.4543860253840701,6.22
logei/autobound,problem10d,32,0,0.1,2,441,366,366,4.902851764262947,-1.29245059353425,6.29
logei/autobound,problem10d,32,0,0.1,3,7686,4124,4124,4.2928323466429505,-1.1841137560071846,11.12
logei/autobound,problem10d,32,0,0.1,4,86604,35221,34336,4.219320278680613,-1.0662784641129495,11.6
logei/autobound,problem10d,32,0,0.1,5,721056,213280,213280,3.5708158088874384,-0.968049694971055,14.55
logei/autobound,problem10d,32,0,0.1,6,4478880,1085429,991664,2.406105934238308,-0.8915549777045272,29.43
logei/autobound,problem10d,32,0,0.1,7,20824944,3852736,3377730,2.2829358099926513,-0.808721796046156,89.04
ei/autobound,problem10d,32,0,0.1,0,1,1,1,134.7662101725363,0.1873846546241366,5.7
ei/autobound,problem10d,32,0,0.1,1,21,21,21,134.7647359579007,0.23354370980080424,5.83
ei/autobound,problem10d,32,0,0.1,2,441,360,360,134.6732890587741,0.2745970321705468,5.89
ei/autobound,problem10d,32,0,0.1,3,7560,4009,3993,73.17342778359678,0.30601726531996587,11.76
ei/autobound,problem10d,32,0,0.1,4,83853,32338,31555,67.98725619260735,0.3442874141798992,12.18
ei/autobound,problem10d,32,0,0.1,5,662655,186277,186277,35.545579726118,0.3798230870850486,14.52
ei/autobound,problem10d,32,0,0.1,6,3911817,892957,831027,11.090689075002086,0.41001768842904585,26.09
ei/autobound,problem10d,32,0,0.1,7,17451567,3052540,2770874,9.805425059339438,0.4454270491227155,67.03
ei/autobound,problem10d,32,0,0.1,8,58188354,8175366,7213648,7.716878967198786,0.47688350895870485,182.48
