depth,method,sound,mu_range_sampled,mu_lo_gap,sigma_hi_gap,ei_hi_median,ei_sampled_median,prunable_eps0p1
0,interval,True,4.842631992909766,134.5269820379137,1.415639653732812,134.76621018070975,0.2534115016970806,0.0
0,autobound,True,4.842631992909766,134.5269820379137,1.415639653732812,134.76621018070975,0.2534115016970806,0.0
5,interval,True,3.6221551970745516,99.97605140350501,1.3051603010001953,99.11269755293807,0.07246030356079394,0.0
5,autobound,True,3.6221551970745516,55.62877475750193,1.3051603010001953,55.50956697379851,0.07246030356079394,0.0
10,interval,True,1.7936656418727601,58.79613075758098,1.0890813122267151,57.80668341014416,7.15226926120173e-05,0.0
10,autobound,True,1.7936656418727601,6.613400913509788,1.0890813122267151,5.874906229209376,7.15226926120173e-05,0.0
15,interval,True,1.0787092421439723,40.78419965749804,1.0158200142611036,40.47251446679293,8.402919483357853e-07,0.0
15,autobound,True,1.0787092421439723,2.3811200661331133,1.0158200142611036,1.7847930205298477,8.402919483357853e-07,0.12109375
20,interval,True,0.6456307091059514,20.091880420678365,0.8758915285509699,18.708520764970913,4.506805083694685e-14,0.0
20,autobound,True,0.6456307091059514,0.306320069695019,0.8758915285509699,0.09073070967305993,4.506805083694685e-14,0.78125
30,interval,True,0.20403639590963607,6.803731439933742,0.7076782157387594,5.344483927136267,1.6706681773876988e-14,0.0
30,autobound,True,0.20403639590963607,0.03479857141562681,0.6268091964520178,0.015163727888818167,1.6706681773876988e-14,0.98828125
50,interval,True,0.02391575344257646,0.7467569918676737,0.3141895611389441,0.012374587760767695,3.067842527267026e-21,0.8203125
50,autobound,True,0.02391575344257646,0.0030321710016386894,0.0029292503597781044,2.4361702332931404e-20,3.067842527267026e-21,1.0
